squirrel_id,sex,year,observer,cohort,grid,trialnumber,trialdate,taglft,tagrt,colours,walk,jump,hole,hang,chew,groom,still,oft_duration,front,back,attack,attacklatency,approachlatency,mis_duration,collar,comments,mastyear,litter_id,fieldBDate,litter_size,n1_date,n1_weight,n2_date,n2_weight,dam_id,part,julian_trialdate,gridyear,oft1,mis1
6499,M,2005,AKB,2005,SU,1,2005-08-10,47532,47533,NA,191.34,89,38.03,52.74,27.855,4.86,23.4,450,189.33,43.83,26,53.3,52.93,300,NA,NA,1,3319,2005-05-12,3,152,45,2005-06-12,58,6342,132,222,SU 2005,3.580298233842881,1.71720125219076
7087,M,2005,AKB,2005,SU,1,2005-09-22,46753,46754,NA,62.505,45,12.08,199.17,18.09,10.125,32.31,450,58.14,204.51,16,130.43,71.73,300,NA,NA,1,3338,2005-05-20,3,142,13,2005-06-28,79,6760,140,265,SU 2005,0.5156205781708715,-0.12744450492072718
7437,M,2005,AKB,2005,KL,1,2005-08-31,46887,46888,NA,125.325,128,20.03,74.07,0,0,61.065,450,201.18,42.72,14,45.2,11.26,300,NA,NA,1,3267,2005-07-11,4,201,23,2005-08-14,96,6956,192,243,KL 2005,2.7312392253620827,1.7026584406495913
6525,M,2005,AKB,2005,KL,1,2005-09-19,48213,48214,NA,167.76,62,57.08,63.315,14.175,14.085,6.975,450,123.57,104.52,12,47,25.43,300,NA,NA,1,3281,2005-07-20,5,205,15,2005-08-21,73,8576,201,262,KL 2005,3.6450021190512376,0.9847947850629288
7836,F,2005,AKB,2005,KL,1,2005-09-16,48207,48208,NA,139.23,127,27,31.59,0,16.02,15.66,450,192.84,85.74,12,70.3,69.3,300,NA,NA,1,3281,2005-07-20,5,205,13,2005-08-21,72,8576,201,259,KL 2005,3.2842233017460694,1.1276921266512607
7073,M,2005,AKB,2005,SU,1,2005-09-01,46717,46718,NA,201.33,88,29.03,93.33,3.96,2.97,18.54,450,108.21,138.87,6,68.13,15.1,300,NA,NA,1,3341,2005-05-13,3,141,21,2005-06-19,72,6954,133,244,SU 2005,3.0954689461183684,0.6018828307724916
6844,M,2005,AKB,2005,SU,1,2005-09-17,46881,46882,NA,126.405,94,35.03,100.035,51.84,10.845,4.68,450,97.14,57.96,6,24.84,20.94,300,NA,NA,1,3329,2005-07-10,4,193,11,2005-08-12,69,6458,191,260,SU 2005,3.1566662014844034,1.026507325062402
7828,F,2005,AKB,2005,KL,1,2005-08-07,46707,46708,NA,124.695,58,8,123.21,5.22,19.395,38.7,450,72.21,131.55,6,77.93,57.77,300,NA,NA,1,3259,2005-04-25,4,118,13,2005-06-06,76,6538,115,219,KL 2005,1.0434434973467634,0.26971239569955663
6551,M,2005,AKB,2005,SU,1,2005-09-03,-,D6852,NA,153.54,75,27,83.88,0,12.96,37.8,450,28.38,169.32,4,232.64,148.47,300,NA,NA,1,3353,2005-06-24,4,182,19,2005-08-01,90,7553,175,246,SU 2005,2.3523508220363794,-1.0434989146202311
7390,M,2005,AKB,2005,KL,1,2005-08-20,46849,46850,NA,109.8,114,13.05,98.01,55.98,4.86,46.71,450,112.14,148.95,3,184.5,127.8,300,NA,NA,1,3279,2005-06-15,6,166,10,2005-07-23,75,7833,166,232,KL 2005,2.4001471822646825,-0.34254970657869277
6423,M,2005,AKB,2005,KL,1,2005-08-16,46703,46704,NA,65.25,21,3,61.965,0,56.205,168.21,450,121.08,12.9,2,82.13,5.13,300,NA,NA,1,3240,2005-04-25,2,152,NA,2005-06-01,78,6359,115,228,KL 2005,-0.7101633691846857,1.0884328266571432
8733,F,2005,AKB,2005,KL,1,2005-08-31,46889,46890,NA,67.095,38,5,309.33,0,5.31,32.535,450,20.88,227.52,2,50.9,20.1,300,NA,NA,1,3267,2005-07-11,4,201,21,2005-08-14,93,6956,192,243,KL 2005,-0.1580842775459176,-0.21209370529471117
6456,F,2005,AKB,2005,SU,1,2005-08-30,46803,46804,NA,121.5,104,12.98,130.275,0,11.16,36.81,450,0.93,298.38,1,0.86,0.86,300,NA,NA,1,3354,2005-06-04,2,158,12,2005-07-13,65,7584,155,242,SU 2005,1.9627578254188573,-0.36595938826135765
7819,M,2005,AKB,2005,SU,1,2005-08-24,46799,48913,NA,183.33,87,12,79.92,3.69,13.23,7.785,450,14.1,224.79,1,96,27.64,300,NA,NA,1,3363,2005-06-04,3,159,11,2005-07-12,56,8398,155,236,SU 2005,2.315044667875005,-0.44698455593427194
7089,F,2005,AKB,2005,SU,1,2005-08-15,46811,46812,NA,57.735,59,4.1,48.915,0,6.12,270.54,450,26.82,212.01,1,53.2,35.4,300,NA,NA,1,3347,2005-06-06,3,160,13,2005-07-14,61,7278,157,227,SU 2005,-0.25719057994341227,-0.20843626769088108
10133,F,2005,AKB,2005,SU,1,2005-08-25,46788,46789,NA,58.95,28,18,42.615,0,5.985,193.41,450,31.59,51,1,192.46,36.9,300,NA,NA,1,3348,2005-05-31,3,164,28,2005-07-09,67,7307,151,237,SU 2005,0.09401121835010208,-0.026225971807593153
8592,F,2005,AKB,2005,KL,1,2005-08-31,46774,46775,NA,100.845,36,45.98,43.83,6.66,15.66,145.62,450,55.05,230.7,1,233.93,136.3,300,NA,NA,1,3248,2005-05-24,4,183,0,2005-07-02,60,6392,144,243,KL 2005,1.7857034457674488,-1.202781501598812
10134,F,2005,AKB,2005,SU,1,2005-08-25,46790,48426,NA,89.685,70,9.98,93.195,89.325,12.87,40.815,450,146.34,3.6,0,300,3.1,300,NA,NA,1,3349,2005-06-02,3,156,14,2005-07-10,57,7387,153,237,SU 2005,1.5974059103208158,0.41070254799121353
10135,M,2005,AKB,2005,SU,1,2005-08-23,46801,46802,NA,114.615,111,17.03,80.235,0,5.04,106.965,450,12.54,146.34,0,300,22.13,300,NA,NA,1,3363,2005-06-04,3,159,13,2005-07-12,59,8398,155,235,SU 2005,2.0535310058857195,-0.8715525930377281
6416,F,2005,AKB,2005,SU,1,2005-08-15,46721,46722,NA,120.69,90,16.05,168.3,0,7.02,14.805,450,5.7,162.48,0,300,25.13,300,NA,NA,1,3341,2005-05-13,3,141,18,2005-06-19,67,6954,133,227,SU 2005,1.8660020497442285,-0.9819034546792538
7847,F,2005,AKB,2005,SU,1,2005-09-14,48660,48661,NA,73.89,30,33.98,38.295,0,37.8,101.295,450,35.88,132.15,0,300,49.17,300,NA,NA,1,3362,2005-07-08,5,191,12,2005-08-11,81,7926,189,257,SU 2005,1.0845743729891453,-0.8084539924013899
6472,M,2005,AKB,2005,SU,1,2005-09-05,46805,46806,NA,143.055,110,15.08,116.775,15.795,6.03,18.9,450,83.1,62.97,0,300,52.3,300,NA,NA,1,3354,2005-06-04,2,158,15,2005-07-13,73,7584,155,248,SU 2005,2.4964866549895146,-0.3145965489874834
7201,M,2005,AKB,2005,KL,1,2005-08-20,46847,46848,NA,121.815,67,30,123.525,2.385,10.89,32.985,450,178.92,50.49,0,300,79.93,300,NA,NA,1,3279,2005-06-15,6,166,10,2005-07-23,73,7833,166,232,KL 2005,2.0676222101584023,0.07021096473307589
7546,F,2005,AKB,2005,SU,1,2005-09-01,46725,46726,NA,58.95,19,18,65.475,0.585,15.615,225.99,450,0,258.93,0,300,182.4,300,NA,NA,1,3358,2005-05-16,3,137,9,2005-06-22,55,7768,136,244,SU 2005,-0.26180241594722614,-2.0115616030954255
7118,M,2005,AKB,2005,KL,1,2005-08-28,46825,46826,NA,82.98,41,22.05,50.31,2.7,24.255,201.24,450,6,255.84,0,300,184.56,300,NA,NA,1,3282,2005-06-09,4,162,11,2005-07-19,61,8727,160,240,KL 2005,0.5276977456998727,-1.9794246536227635
6589,M,2005,AKB,2005,SU,1,2005-09-07,46861,46862,NA,67.905,71,16.05,189.36,0,15.615,52.2,450,4.5,282.99,0,300,218.2,300,NA,NA,1,3346,2005-07-01,3,183,10,2005-08-08,78,7172,182,250,SU 2005,0.9604798489171132,-2.2282853092777297
7124,M,2005,AKB,2005,KL,1,2005-08-02,46729,48619,NA,114.12,59,45,102.645,0.315,5.85,76.77,450,46.86,1.71,0,300,236.17,300,NA,NA,1,3272,2005-05-13,4,136,15,2005-06-19,75,7451,133,214,KL 2005,2.356066887161475,-0.9238817763321258
10160,F,2005,AKB,2005,SU,1,2005-08-15,47685,47686,NA,117.855,80,18.98,97.29,2.385,9.72,35.415,450,0,0,0,300,300,300,NA,NA,1,3355,2005-05-26,3,176,0,2005-06-25,52,7643,146,227,SU 2005,1.8746626671263373,-1.373995072403854
7291,F,2005,AKB,2005,KL,1,2005-08-31,46772,46773,NA,38.43,17,19.95,14.4,0,13.77,285.435,450,0,0,0,300,300,300,NA,NA,1,3248,2005-05-24,4,183,0,2005-07-02,61,6392,144,243,KL 2005,-0.4736843843913371,-1.373995072403854
7088,F,2005,AKB,2005,SU,1,2005-08-18,46757,46758,NA,188.955,75,9,70.38,0,6.12,15.03,450,71.79,46.38,0,300,300,300,NA,NA,1,3337,2005-05-21,3,159,36,2005-06-29,66,6569,141,230,SU 2005,2.044732731208945,-1.2404825914393398
6942,F,2005,AKB,2005,SU,1,2005-09-06,46566,46858,NA,125.46,70,15.98,83.115,1.08,12.015,73.035,450,0,277.71,0,300,300,300,NA,NA,1,3353,2005-06-24,4,182,19,2005-08-01,87,7553,175,249,SU 2005,1.5204064257641277,-2.5383760948240446
7886,M,2005,AKB,2005,KL,1,2005-09-13,46441,46447,NA,39.42,22,5,39.645,0,40.59,237.24,450,0,297.06,0,300,300,300,NA,NA,1,3250,2005-06-20,3,174,13,2005-07-27,70,6424,171,256,KL 2005,-0.9485332325009541,-2.6195066727068386
6882,F,2005,AKB,2005,KL,1,2005-08-31,46833,46834,NA,80.055,20,13.95,24.39,0,16.425,113.715,450,0.27,297.72,0,300,300,300,NA,NA,1,3257,2005-06-13,3,167,13,2005-07-21,63,6507,164,243,KL 2005,0.2542739981837515,-2.6210404158857856
10138,M,2005,AKB,2005,KL,1,2005-09-13,46835,46836,NA,54.27,17,23.03,27.27,2.61,18.225,159.885,450,0.54,299.1,0,300,300,300,NA,NA,1,3257,2005-06-13,3,167,13,2005-07-21,62,6507,164,256,KL 2005,0.2020717794041585,-2.6255929712650232
6512,F,2005,AKB,2005,SU,1,2005-08-17,46809,46810,NA,113.49,75,20.03,79.605,9.585,9.27,18.63,450,0,300,0,300,300,300,NA,NA,1,3347,2005-06-06,3,160,13,2005-07-14,61,7278,157,229,SU 2005,1.9450779191203564,-2.631833489191356
7392,M,2005,AKB,2005,KL,1,2005-08-01,47000,49595,NA,99.63,97,7.1,252.225,0,3.42,25.515,450,0,300,0,300,300,300,NA,NA,1,3258,2005-05-17,4,138,12,2005-06-24,63,6529,137,213,KL 2005,1.2743441902366255,-2.631833489191356
10191,F,2005,AKB,2005,SU,1,2005-08-23,48428,46795,NA,139.86,74,12.98,107.595,0,9.63,49.725,450,0,300,0,300,300,300,NA,NA,1,3349,2005-06-02,3,156,14,2005-07-10,60,7387,153,235,SU 2005,1.6097812581498678,-2.631833489191356
6492,F,2005,AKB,2005,KL,1,2005-09-16,48209,48210,NA,120.96,91,27.98,67.41,13.545,12.96,60.3,450,0,300,0,300,300,300,NA,NA,1,3281,2005-07-20,5,205,14,2005-08-21,67,8576,201,259,KL 2005,2.4432030818923427,-2.631833489191356
10131,F,2005,AKB,2005,KL,1,2005-08-21,46784,46785,NA,156.51,92,41.03,90.585,1.35,0,63.405,450,0,300,0,300,300,300,NA,NA,1,3247,2005-05-31,4,152,10,2005-07-08,61,6391,151,233,KL 2005,3.145443131819183,-2.631833489191356
6483,M,2005,AKB,2005,KL,1,2005-09-08,46867,46868,NA,107.055,83,31.05,37.35,48.105,18,71.145,450,0,300,0,300,300,300,NA,NA,1,3275,2005-07-04,2,190,15,2005-08-09,108,7609,185,251,KL 2005,2.520614284020731,-2.631833489191356
10140,F,2005,AKB,2005,KL,1,2005-09-08,46865,46866,NA,119.295,53,19.95,42.975,0,8.595,104.76,450,0,300,0,300,300,300,NA,NA,1,3275,2005-07-04,2,190,15,2005-08-09,101,7609,185,251,KL 2005,1.3292293884100876,-2.631833489191356
8745,M,2005,AKB,2005,KL,1,2005-09-15,-,F2823,NA,44.145,34,12,21.15,2.79,9.045,240.885,450,0,300,0,300,300,300,NA,NA,1,3268,2005-07-19,2,210,24,2005-08-20,87,7092,200,258,KL 2005,-0.2776633074006203,-2.631833489191356
10139,F,2005,AKB,2005,SU,1,2005-09-03,46859,46860,NA,59.76,31,5,24.84,0,18.09,254.115,450,0,300,0,300,300,300,NA,NA,1,3346,2005-07-01,3,183,10,2005-08-08,73,7172,182,246,SU 2005,-0.5985069289277596,-2.631833489191356
7136,F,2005,AKB,2005,KL,1,2005-08-28,46839,46840,NA,50.58,19,2,86.625,0,4.32,264.465,450,0,300,0,300,300,300,NA,NA,1,3271,2005-06-14,4,167,12,2005-07-23,55,7148,165,240,KL 2005,-1.0935362685447867,-2.631833489191356
11254,F,2009,RWT,2009,KL,1,2009-08-10,65166,65167,NA,220.725,33,25,17.505,4.14,14.67,2.025,450,271.77,3.99,108,50.9,24.37,300,NA,NA,0,4461,2009-05-11,4,134,15,2009-06-06,64,10181,131,222,KL 2009,2.35919877739822,4.166781897604174
11256,F,2009,RWT,2009,KL,1,2009-08-10,65170,65171,NA,129.105,104,15,32.175,63.63,7.155,1.125,450,66.54,214.29,48,270,234.36,300,NA,NA,0,4461,2009-05-11,4,134,15,2009-06-06,64,10181,131,222,KL 2009,2.796393470356063,-0.5619189557700454
13288,F,2012,ADK,2012,KL,1,2012-06-13,81609,67989,NA,238.33,75,3,174.02,77.89,10.52,0,450,272.84,110.64,140,54.74,9.39,300,NA,NA,0,5523,2012-04-17,3,109,10,2012-05-12,46.5,11220,108,165,KL 2012,2.386689878119989,4.465432394225393
13500,F,2012,ADK,2012,KL,1,2012-07-13,82085,82086,NA,201.55,42,4,165.99,62.53,11.01,0,450,182.27,229.71,42,6.91,4.61,300,NA,NA,0,5520,2012-05-16,3,137,8.9,2012-06-11,47.4,10993,137,195,KL 2012,1.5614085466119771,1.6081778577043382
13354,F,2012,ADK,2012,SU,1,2012-06-11,81774,81775,NA,243.85,70,5,187.34,46.7,12.28,0,450,147.56,248.01,18,84.42,2.75,300,NA,NA,0,5645,2012-04-15,3,107,10.2,2012-05-14,67.7,12477,106,163,SU 2012,2.221000189816365,0.5732791292067859
13616,F,2012,ADK,2012,SU,1,2012-07-11,82370,82371,NA,184.37,45,1,219.52,9.11,11.52,17.32,450,174.05,94.87,17,88.29,19.32,300,NA,NA,0,5620,2012-05-19,3,155,27.6,2012-06-13,42.9,10654,140,193,SU 2012,0.9053065900231824,1.2372973504363316
13533,M,2012,ADK,2012,KL,1,2012-07-17,82151,82152,NA,268.98,42,9,146.44,16.74,15.91,0,450,192.9,154.28,11,42.04,8.5,300,NA,NA,0,5522,2012-05-16,3,138,10.1,2012-06-11,51.2,10995,137,199,KL 2012,2.013395906030673,1.1537212395518088
13147,F,2012,ADK,2012,KL,1,2012-05-28,81227,81228,NA,228.85,71,3,159.56,0,18.8,0,450,243.86,165.48,8,36.7,6.6,300,NA,NA,0,5530,2012-04-06,3,99,12.5,2012-05-01,61,11537,97,149,KL 2012,1.8399407749160197,1.300902680077771
13394,F,2012,ADK,2012,KL,1,2012-07-07,H1861,H1862,Y*/G,186.79,76,10,93.864,45.511,20.375,134.494,450,40.073,250.161,5,23.626,1.154,300,N,NA,0,5548,2012-04-30,3,123,13.4,2012-05-26,51.4,12423,121,189,KL 2012,1.7640562286668144,0.01795167400068114
13397,F,2012,ARM,2012,SU,1,2012-08-07,H1868,H1869,W*/Y*,125.664,46,6,212.651,103.181,9.873,92.951,450,247.174,42.348,11,4.137,0.734,300,N,NA,0,5624,2012-05-01,2,126,16.7,2012-05-27,61.7,11576,122,220,SU 2012,0.9340513267838181,2.0390934663132763
13609,M,2012,ARM,2012,SU,1,2012-07-24,H2356,H2357,Y*/Y,87.801,14,5,232.193,4.001,40.107,315.298,450,220.665,70.412,5,118.118,0.1,300,NA,NA,0,5648,2012-05-21,3,147,19.1,2012-06-15,45.5,12973,142,206,SU 2012,-1.4272996998777312,1.255320713834824
13323,F,2012,ADK,2012,KL,1,2012-07-01,81678,81676,NA,295.9,96,0,133.7,14.7,11.8,0,450,188.19,199.13,5,94.7,69.77,300,NA,NA,0,5547,2012-04-28,2,123,15.8,2012-05-22,47.7,12422,119,183,KL 2012,2.767338298151387,0.38740138528010304
13644,M,2012,ADK,2012,KL,1,2012-07-28,82472,82473,NA,234.74,24,6,63.66,31.14,38.64,82.14,450,180.36,195.2,3,145.31,1.5,300,NA,NA,0,5533,2012-06-02,4,156,12.2,2012-06-26,38.1,11622,154,210,KL 2012,1.2130862110382439,0.3996465318288053
13332,F,2012,ARM,2012,KL,1,2012-07-08,H1696,H1697,R*/O,198.753,76,9,24.654,97.221,9.325,90.895,450,62.221,226.187,15,117.73,100.446,300,N,NA,0,5536,2012-05-11,1,138,21.2,2012-06-04,71.2,11841,132,190,KL 2012,2.4436084697198934,-0.2844944731633347
13171,M,2012,ADK,2012,KL,1,2012-06-03,H1281,H1282,B*/G*,52.282,45,5,324.019,42.324,11.868,60.526,450,35.493,258.838,0,261.065,0.6,300,N,NA,0,5515,2012-04-08,2,102,16.6,2012-05-05,67.7,10318,99,155,KL 2012,-0.08921719604325577,-1.0140454744263643
13351,M,2012,ADK,2012,KL,1,2012-07-30,81768,81769,NA,91.45,15,6,345.13,3.7,6.91,0,450,197.78,175.07,2,16.22,10.81,300,NA,NA,0,5540,2012-04-20,4,112,12,2012-05-16,58.2,11897,111,212,KL 2012,-0.2632417404694208,0.9781301608503635
12165,M,2012,ADK,2012,SU,1,2012-07-21,67639,67640,NA,109.9,44,0,267.28,199.16,11.11,0,450,185.12,208.65,2,203.6,44.85,300,NA,NA,0,5644,2012-04-11,3,103,10,2012-05-06,54.3,12462,102,203,SU 2012,1.292884364159668,-0.03500948892327091
13405,M,2012,ADK,2012,SU,1,2012-07-05,81884,81885,NA,195.82,38,0,136.22,59.16,23.83,25.17,450,173.43,207.23,2,194.79,173.27,300,NA,NA,0,5624,2012-05-01,2,126,16.4,2012-05-27,61,11576,122,187,SU 2012,1.1991547247617425,-0.5395638339268926
13347,F,2012,ADK,2012,SU,1,2012-06-10,81760,81761,NA,118.95,18,2,243.54,5.33,17.34,0,450,145.22,169.65,0,300,2.27,300,NA,NA,0,5634,2012-04-15,1,138,0,2012-05-17,72.2,12003,106,162,SU 2012,0.01110122145193453,-0.2874653363140596
13534,M,2012,ADK,2012,KL,1,2012-08-11,82153,82154,NA,135.23,65,3,187.47,35.75,42.65,49.9,450,283.7,140.78,0,300,2.3,300,NA,NA,0,5522,2012-05-16,3,138,10.9,2012-06-11,51.4,10995,137,224,KL 2012,0.9227407919742152,0.46611547346778875
11018,F,2012,ARM,2012,SU,1,2012-06-14,F3679,F3680,G*/R*,11.472,6,1,13.148,0.139,8.559,427.88,450,292.907,0,0,298.269,9.362,300,N,NA,0,5631,2012-04-16,3,110,14.8,2012-05-10,47.6,11976,107,166,SU 2012,-2.0975547810150177,1.0778584405253306
13646,F,2012,ADK,2012,KL,1,2012-07-30,82476,82477,NA,265.37,86,1,62.96,24.89,29.32,2.6,450,243.69,76.89,0,300,35.27,300,NA,NA,0,5559,2012-06-01,3,154,11.3,2012-06-25,50,12703,153,212,KL 2012,2.5538102947096193,0.42558581182663185
13443,F,2012,ADK,2012,KL,1,2012-07-31,81968,81963,NA,137.62,11,1,125.14,25.82,20.72,86.27,450,117.42,127.94,0,300,81.88,300,NA,NA,0,5550,2012-05-03,4,127,15,2012-05-27,52.7,12513,124,213,KL 2012,0.014686411521710683,-0.5429149754528738
10049,M,2012,ADK,2012,SU,1,2012-07-24,81866,81867,NA,177.65,69,1,102.51,3.31,25.63,127.07,450,13.21,76.57,0,300,229.43,300,NA,NA,0,5625,2012-04-22,2,147,0,2012-05-26,77.5,11577,113,206,SU 2012,0.9992286582623083,-1.3658047836066334
13346,F,2012,ADK,2012,SU,1,2012-06-23,81758,81759,NA,96.11,23,0,203.8,0,26.32,6.21,450,0,9.31,0,300,246.35,300,NA,NA,0,5621,2012-04-28,3,144,0,2012-05-23,58.8,10918,119,175,SU 2012,-0.14876251853300998,-1.208615367658876
13352,M,2012,ADK,2012,SU,1,2012-06-25,81770,81771,NA,107.19,11,2,192.5,122.04,14.92,5.86,450,0,0,0,300,300,300,NA,NA,0,5645,2012-04-15,3,107,10.7,2012-05-14,66.6,12477,106,177,SU 2012,0.5298281829956437,-1.373995072403854
19257,F,2012,ADK,2012,KL,1,2012-06-15,81999,-,NA,56.52,4,0,53.8,0,0,331.12,450,6.83,0,0,300,300,300,NA,NA,0,5546,2012-05-02,4,133,28.3,2012-05-28,47.4,12305,123,167,KL 2012,-1.538013524534985,-1.3427920570763008
13367,M,2012,ADK,2012,KL,1,2012-06-23,81803,81804,R*/R,43.468,10,4,289.92,16.692,9.509,341.09,450,299.932,0,0,284.217,0.134,300,N,NA,0,5552,2012-04-24,3,116,12.5,2012-05-19,49.2,12623,115,175,KL 2012,-1.8768973161656743,1.1964677038427638
12188,M,2012,ARM,2012,KL,1,2012-07-24,67705,81966,Y!/O*,14.621,3,3,123.672,12.915,87.286,351.027,450,299.966,0,0,299.432,1.034,300,N,NA,0,5550,2012-05-03,4,127,14.8,2012-05-27,51.6,12513,124,206,KL 2012,-2.246284342819128,1.1375882169865101
13383,M,2012,ADK,2012,SU,1,2012-06-14,81836,81837,R*/R,138.45,21,1,141.07,9.55,11.6,10.55,450,209.31,239.52,0,300,300,300,NA,NA,0,5651,2012-04-22,4,115,13.9,2012-05-16,46.4,13092,113,166,SU 2012,0.3869396587644122,-1.422015616019967
11019,F,2012,ADK,2012,SU,1,2012-06-13,F3681,F3682,R*/B*,102.97,39,4,93.334,2.983,122.685,246.831,450,61.077,237.076,0,216.492,0.166,300,N,NA,0,5631,2012-04-16,3,110,13.6,2012-05-10,49.1,11976,107,165,SU 2012,-0.7305442669410324,-0.6413679217913564
11017,M,2012,ARM,2012,SU,1,2012-06-14,F3677,F3678,Y*/G*,8.433,16,3,47.304,0,28.125,384.488,450,0,299.925,0,300,300,300,N,Squirrel never sees itself to begin with. Assigned maximum value of 300 to both latencies.,0,5631,2012-04-16,3,110,13.7,2012-05-10,52.9,11976,107,166,SU 2012,-1.867702038500151,-2.6315190295871593
13153,F,2012,ARM,2012,KL,1,2012-06-03,81241,81242,R*/R*,24.854,35,5,11.478,0.827,36.976,392.122,450,0,299.785,0,298.35,1.012,300,N,NA,0,5531,2012-04-05,3,105,25.4,2012-05-01,56.5,11619,96,155,KL 2012,-1.3464242320067203,-1.4857122938670064
13235,M,2012,ADK,2012,SU,2,2012-07-21,H1493,H1494,P!/G!,159.41,62,2,202.75,16.41,32.73,0,450,0,0,0,300,300,300,NA,this video is missing,0,NA,NA,NA,NA,NA,NA,NA,NA,NA,203,SU 2012,1.0996957776310676,-1.373995072403854
22804,M,2017,ARM,2017,KL,1,2017-06-26,M4634,M4635,W*/B*,173.187,57,12,234.894,19.554,7.138,245.698,450,147.378,121.092,26,18.624,15.143,300,N,NA,0,8042,2017-05-05,4,127,14.8,2017-05-30,49.5,19984,125,177,KL 2017,0.6246689658197113,1.4723020962694453
23023,F,2017,ARM,2017,KL,1,2017-06-30,M4953,M4954,R*/G,218.923,55,10,310.521,9.737,9.804,26.363,450,257.664,26.264,24,96.625,1.122,300,N,NA,0,7745,2017-05-09,3,138,27.7,2017-06-03,47.5,19766,129,181,KL 2017,1.442080869518264,2.098477868533117
22658,F,2017,ARM,2017,KL,1,2017-06-14,M4622,M2623,G*/R*,158.683,44,0,223.144,77.578,16.2,109.847,450,166.429,102.331,23,0.935,0.167,300,Y,NA,0,7822,2017-04-22,3,113,11.5,2017-05-18,53.2,21155,112,165,KL 2017,0.6532038037712193,1.6942798033515791
22640,F,2017,ARM,2017,KL,1,2017-06-11,M4674,M4675,R*/R*,66.403,29,6,283.487,20.208,40.305,107.036,450,195.428,40.483,22,4.134,0.347,300,Y,NA,0,7830,2017-04-20,3,110,10.3,2017-05-14,49.2,21350,110,162,KL 2017,-0.5319927318507943,2.0518924940277508
22995,F,2017,ARM,2017,KL,2,2017-07-31,M4936,M4937,B/B*,122.585,18,25,133.697,145.124,5.919,102.834,450,129.093,131.019,14,14.159,0.195,300,Y,NA,0,7767,2017-05-16,3,137,12.1,2017-06-10,44.3,20191,136,212,KL 2017,1.5678753139253712,1.15871139237136
22641,F,2017,ARM,2017,KL,1,2017-06-12,M4672,M4673,G*/G*,73.035,40,12,191.868,5.106,15.903,216.811,450,149.542,130.006,12,0.257,0.133,300,Y,NA,0,7830,2017-04-20,3,110,9.7,2017-05-14,47.7,21350,110,163,KL 2017,-0.2701624690045885,1.2638061707356496
23170,F,2017,ARM,2017,SU,1,2017-07-05,M4959,M4960,Y*/O*,73.602,46,9,170.804,98.044,20.055,128.446,450,96.798,165.531,12,53.22,1.134,300,Y,NA,0,8056,2017-05-09,3,129,13.3,2017-06-03,66.4,21984,129,186,SU 2017,0.5705108165378928,0.676519117821025
22994,F,2017,ARM,2017,KL,2,2017-08-04,M4940,M4941,G/G*,40.365,19,4,183.981,10.888,24.368,292.086,450,296.364,0,11,21.893,21.51,300,N,NA,0,7767,2017-05-16,3,137,12.7,2017-06-10,48.6,20191,136,216,KL 2017,-1.427411126079388,2.297323724845876
22996,F,2017,ARM,2017,KL,1,2017-07-23,M4938,M4939,R/R*,40.712,44,4,339.88,42.148,23.009,121.737,450,145.368,145.374,10,34.839,0.357,300,N,NA,0,7767,2017-05-16,3,137,11.7,2017-06-10,40.2,20191,136,204,KL 2017,-0.5388405861419668,1.00944569575575
22804,M,2017,ARM,2017,KL,2,2017-07-26,M4634,M4635,W*/B*,69.004,24,8,235.714,35.622,10.483,215.696,450,234.401,151.324,8,11.061,0.551,300,N,NA,0,8042,2017-05-05,4,127,14.8,2017-05-30,49.5,19984,125,207,KL 2017,-0.6229303973853205,1.433791700290046
22806,M,2017,ARM,2017,KL,1,2017-06-26,M4640,M4641,W*/W*,84.658,35,11,181.308,20.861,15.233,219.023,450,237.897,57.486,7,11.745,0.679,300,Y,NA,0,8042,2017-05-05,4,127,14.7,2017-05-30,58,19984,125,177,KL 2017,-0.20783478769550004,1.818410442466108
22758,F,2017,ARM,2017,KL,1,2017-07-05,M4628,M4629,O*/W*,170.976,46,26,180.034,43.555,6.338,176.54,450,83.954,200.905,7,31.679,21.054,300,Y,NA,0,7736,2017-05-03,4,123,8.8,2017-05-28,43,19583,123,186,KL 2017,1.486613856253036,0.36330794207520295
22773,M,2017,ARM,2017,KL,1,2017-06-25,M4688,M4689,W*/G*,54.531,13,9,283.1,43.119,14.026,173.186,450,158.471,96.168,7,96.275,74.102,300,Y,NA,0,8041,2017-05-03,2,124,12.3,2017-05-29,53.7,19809,123,176,KL 2017,-0.782117443736371,0.7046838959309395
23080,M,2017,ARM,2017,KL,1,2017-07-07,M4919,M4920,Y*/G,51.306,15,7,89.899,14.27,18.522,318.239,450,233.622,57.689,6,0.724,0.066,300,Y,NA,0,7851,2017-05-13,3,143,25.9,2017-06-07,46.5,21269,133,188,KL 2017,-1.1517523537175411,1.8188337196244024
22778,M,2017,ARM,2017,KL,2,2017-07-21,M4617,M4618,G*/W*,82.491,18,20,205.153,9.314,10.496,247.759,450,199.943,166.743,6,46.714,29.763,300,N,NA,0,7825,2017-05-02,3,124,13.3,2017-05-27,51.8,21227,122,202,KL 2017,-0.3522839370270896,0.926501415702589
22898,M,2017,ARM,2017,KL,1,2017-07-06,M4807,M4808,R*/R,27.62,5,8,117.514,9.891,44.185,404.518,450,164.719,112.505,5,40.984,0.017,300,Y,NA,0,7823,2017-05-08,3,128,12.9,2017-06-02,51,21215,128,187,KL 2017,-1.9575544927880393,1.1054577226754834
22995,F,2017,ARM,2017,KL,1,2017-07-09,M4936,M4937,B/B*,121.855,10,5,71.798,180.241,3.37,115.336,450,141.346,142.553,5,2.235,0.031,300,Y,NA,0,7767,2017-05-16,3,137,12.1,2017-06-10,44.3,20191,136,190,KL 2017,0.9359789968096713,1.014253678437502
22987,M,2017,ARM,2017,SU,1,2017-07-14,M4813,M4814,O*/R*,158.991,24,5,148.675,90.709,15.548,95.813,450,165.269,99.765,5,8.141,0.033,300,N,NA,0,7938,2017-05-13,3,136,15,2017-06-07,43.5,21907,133,195,SU 2017,0.8109378914871825,1.2813557127811939
22985,F,2017,ARM,2017,SU,1,2017-07-21,M4811,M4812,Y*/B*,6.266,1,0,449.855,11.25,0,390.823,450,111.898,117.561,5,78.224,5.15,300,Y,NA,0,7938,2017-05-13,3,136,15.3,2017-06-07,45.3,21907,133,202,SU 2017,-2.9684763015833275,0.6872878588033638
23023,F,2017,ARM,2017,KL,2,2017-07-24,M4953,M4954,R*/G,35.394,54,7,225.256,16.553,19.491,281.08,450,210.494,43.551,5,16.083,1.132,300,N,NA,0,7745,2017-05-09,3,138,27.7,2017-06-03,47.5,19766,129,205,KL 2017,-0.772900773195171,1.6904482684373803
22789,M,2017,ARM,2017,KL,1,2017-07-02,M4644,M4645,O*/R,8.181,7,1,413.448,4.805,15.983,203.397,450,202.734,21.754,4,117.818,0.001,300,Y,NA,0,7850,2017-05-04,3,126,15.6,2017-05-31,60,22008,124,183,KL 2017,-2.1276250789084954,1.3570803296186431
22748,F,2017,ARM,2017,KL,1,2017-07-15,M4678,M4679,R*/W*,89.913,26,25,103.908,18.851,10.778,271.663,450,48.445,235.721,4,32.413,0.162,300,N,NA,0,7861,2017-05-02,2,122,10.2,2017-05-27,58.5,22117,122,196,KL 2017,0.20394697653687555,0.06660066569182192
22890,F,2017,ARM,2017,KL,1,2017-06-23,M3853,M4681,P/R*,125.1,33,12,219.682,29.398,3.882,194.637,450,149.638,138.953,4,206.59,0.687,300,Y,B*/R* (P/R*); NKP,0,8131,2017-05-02,3,130,24.5,2017-05-28,48.5,20857,122,174,KL 2017,0.18493372842395664,0.2960732509995284
22896,M,2017,ARM,2017,KL,1,2017-06-29,M4809,M4810,G*/G,61.876,3,5,230.747,9.238,25.692,353.744,450,168.089,74.706,3,90.758,0.034,300,N,NA,0,7823,2017-05-08,3,128,13.2,2017-06-02,46.2,21215,128,180,KL 2017,-1.8465164550674449,1.053747583990557
23028,M,2017,ARM,2017,KL,1,2017-07-06,M4976,M4977,B*/Y,112.455,34,4,241.022,19.216,17.142,116.992,450,195.737,75.71,3,1.335,0.101,300,Y,NA,0,7796,2017-05-13,3,138,21.3,2017-06-07,57.7,20688,133,187,KL 2017,-0.0596005084900437,1.502404103504568
22873,M,2017,ARM,2017,KL,1,2017-07-15,M4969,M4970,W*/Y,59.381,12,0,266.019,23.551,10.044,186.163,450,198.771,93.893,3,1.326,0.167,300,Y,NA,0,7816,2017-05-08,4,128,9,2017-06-05,48.4,20995,128,196,KL 2017,-1.2143964855816756,1.4398088392464645
22720,M,2017,ARM,2017,SU,1,2017-07-13,M4659,M4660,R*/Y*,32.454,3,20,20.887,3.604,9.977,404.606,450,111.944,170.084,3,64.114,1.569,300,N,NA,0,7931,2017-04-29,4,121,13.8,2017-05-24,50,21273,119,194,SU 2017,-1.1736536687273182,0.48887368696845257
23026,F,2017,ARM,2017,KL,2,2017-07-29,M4980,M4981,G*/W,7.927,1,6,370.469,0,5.57,363.854,450,171.549,100.97,3,11.121,0.198,300,Y,NA,0,7796,2017-05-13,3,138,19.5,2017-06-07,50.3,20688,133,210,KL 2017,-2.5305741702901487,1.2498565572576414
23001,F,2017,ARM,2017,KL,2,2017-07-30,M2433,M2434,W*/P,138.847,44,17,153.422,74.921,12.646,130.826,450,88.453,187.421,3,55.789,0.233,300,N,lost first trial,0,8138,2017-05-14,2,136,14.7,2017-06-12,63.2,21578,134,211,KL 2017,1.2474729520995889,0.3443794423111804
22640,F,2017,ARM,2017,KL,2,2017-07-13,M4674,M4675,R*/R*,14.276,6,4,28.935,2.734,168.803,424.264,450,69.503,139.44,3,104.114,0.41,300,Y,NA,0,7830,2017-04-20,3,110,10.3,2017-05-14,49.2,21350,110,194,KL 2017,-2.617165692712657,0.28169447431492817
22890,F,2017,ARM,2017,KL,2,2017-07-21,M3853,M4681,P/R*,77.849,18,6,126.827,33.04,59.228,301.447,450,54.997,214.134,3,17.181,1.657,300,Y,B*/R* (P/R*); NKP,0,8131,2017-05-02,3,130,24.5,2017-05-28,48.5,20857,122,202,KL 2017,-1.0361744274291818,0.21520632546035762
23054,F,2017,ARM,2017,KL,2,2017-07-29,F9048,F9049,B/O*,56.83,12,12,116.19,2.58,22.236,328.252,450,25.073,273.094,3,78.615,21.629,300,Y,NA,0,7933,2017-05-20,2,141,12.7,2017-06-21,72,21366,140,210,KL 2017,-1.138690486374069,-0.46932618938075776
23168,F,2017,ARM,2017,SU,1,2017-07-02,M4957,M4958,G*/Y*,116.165,16,7,108.213,138.014,6.139,139.985,450,83.362,199.916,2,165.732,0.167,300,N,NA,0,8056,2017-05-09,3,129,13.1,2017-06-03,60,21984,129,183,SU 2017,0.6643664129562724,-0.15462969988727504
22986,M,2017,ARM,2017,SU,1,2017-07-12,M4815,M4816,W*/G*,56.039,5,13,14.113,0.999,79.379,406.211,450,138.175,137.837,2,7.585,5.35,300,Y,NA,0,7938,2017-05-13,3,136,15.5,2017-06-07,45.2,21907,133,193,SU 2017,-1.5334814209282461,0.914295077096886
22979,M,2017,ARM,2017,SU,1,2017-06-29,M4820,M4821,Y*/Y*,109.366,21,0,181.479,52.307,22.225,183.102,450,102.657,146.576,2,64.869,14.718,300,Y,NA,0,7908,2017-05-09,3,136,25.7,2017-06-03,60.1,19742,129,180,SU 2017,-0.4161893084762123,0.47034227811827956
22807,M,2017,ARM,2017,KL,1,2017-06-26,M4638,M4639,W*/O*,106.125,51,10,272.031,23.887,8.174,80.936,450,183.705,89.851,2,27.494,17.885,300,Y,NA,0,8042,2017-05-05,4,127,14.7,2017-05-30,59.7,19984,125,177,KL 2017,0.5371624161989229,1.202974487192425
22996,F,2017,ARM,2017,KL,2,2017-07-29,M4938,M4939,R/R*,88.17,38,9,158.602,93.41,29.826,137.482,450,94.3,205.21,2,0.2,0.066,300,N,NA,0,7767,2017-05-16,3,137,11.7,2017-06-10,40.2,20191,136,210,KL 2017,0.4711667929923717,0.4784924688455396
22773,M,2017,ARM,2017,KL,2,2017-07-21,M4688,M4689,W*/G*,125.141,35,15,142.154,77.509,9.06,142.059,450,160.735,115.666,2,22.434,14.026,300,Y,NA,0,8041,2017-05-03,2,124,12.3,2017-05-29,53.7,19809,123,202,KL 2017,0.9359053782856973,1.0229944706250302
22748,F,2017,ARM,2017,KL,2,2017-07-24,M4678,M4679,R*/W*,40.034,6,9,76.276,0,19.324,369.025,450,231.208,51.491,2,102.967,25.757,300,N,NA,0,7861,2017-05-02,2,122,10.2,2017-05-27,58.5,22117,122,205,KL 2017,-1.5420473272113646,1.2750068559297516
23031,F,2017,ARM,2017,KL,2,2017-08-02,M2468,M2469,W/W*,50.294,25,4,304.613,31.792,6.042,280.215,450,170.766,55.309,2,101.712,56.433,300,Y,NA,0,7812,2017-05-18,3,138,9.9,2017-06-12,41.1,20920,138,214,KL 2017,-1.291138845688966,0.8705744655913576
22653,F,2017,ARM,2017,SU,1,2017-06-20,M4695,M4696,G*/B*,1.065,3,0,447.463,4.87,1.501,387,450,223.773,70.154,1,113.681,0.134,300,Y,NA,0,7739,2017-04-23,3,113,10.2,2017-05-18,49.7,19611,113,171,SU 2017,-2.9928173380706844,1.1994524195309972
22994,F,2017,ARM,2017,KL,1,2017-07-06,M4940,M4941,G/G*,21.667,3,9,199.005,12.278,83.052,309.55,450,113.986,179.528,1,123.402,0.433,300,N,NA,0,7767,2017-05-16,3,137,12.7,2017-06-10,48.6,20191,136,187,KL 2017,-1.9550889381703507,0.2026389995676768
22872,F,2017,ARM,2017,KL,1,2017-07-19,M4963,M4964,G*/B,95.705,31,6,291.406,48.645,11.579,129.706,450,179.581,97.297,1,79.746,4.805,300,N,NA,0,7816,2017-05-08,4,128,7.7,2017-06-05,45.6,20995,128,200,KL 2017,-0.1282638939088182,0.9899789363495497
23026,F,2017,ARM,2017,KL,1,2017-07-06,M4980,M4981,G*/W,7.927,1,0,448.442,10.931,0,362.156,450,219.236,70.877,1,192.551,12.132,300,Y,NA,0,7796,2017-05-13,3,138,19.5,2017-06-07,50.3,20688,133,187,KL 2017,-2.846696526248008,0.8417362594044036
23089,M,2017,ARM,2017,KL,1,2017-07-06,M4974,M4975,R*/W,52.685,61,6,258.877,5.115,24.847,165.305,450,106.132,185.615,1,152.983,106.32,300,Y,NA,0,7809,2017-05-09,2,143,36.9,2017-06-05,58.4,20865,129,187,KL 2017,-0.29178364170683113,-0.37031778137056764
22964,F,2017,ARM,2017,SU,1,2017-06-29,M4801,M4802,G*/W*,4.573,1,1,425.978,0,0,428.585,450,168.563,124.462,1,227.716,109.648,300,N,NA,0,7922,2017-05-08,3,128,24.3,2017-06-02,58.1,20948,128,180,SU 2017,-3.092347002555186,-0.11450234626872685
23052,F,2017,ARM,2017,SU,2,2017-08-02,M3893,M3894,W*/W*,2.648,1,0,444.622,4.397,0,433.628,450,282.127,4.204,1,0.426,0.012,300,Y,never saw itself in mirror: NA for attack and approach latencies (changed to max value),0,7899,2017-05-17,2,137,18,2017-06-13,52.5,12003,137,214,SU 2017,-3.1812251839723538,2.156932419040802
23024,M,2017,ARM,2017,KL,2,2017-07-24,M4951,M45952,B*/R,83.81,23,8,274.133,3.992,17.281,253.954,450,231.405,63.622,1,38.705,0.134,300,Y,NA,0,7745,2017-05-09,3,138,28.7,2017-06-03,57.8,19766,129,205,KL 2017,-0.9578484851512691,1.5357186543036838
22758,F,2017,ARM,2017,KL,2,2017-07-23,M4628,M4629,O*/W*,124.46,30,33,88.395,71.187,16.605,216.782,450,262.498,0.769,1,224.294,1.155,300,Y,NA,0,7736,2017-05-03,4,123,8.8,2017-05-28,43,19583,123,204,KL 2017,1.3203577600086984,1.2591422746815573
22891,M,2017,ARM,2017,KL,2,2017-07-30,M4682,M4683,Y*/Y*,87.566,33,13,231.087,44.521,26.839,210.9,450,135.113,139.551,1,5.013,2.31,300,N,NA,0,8131,2017-05-02,3,130,24.5,2017-05-28,46.2,20857,122,211,KL 2017,-0.1409809223539824,0.8922936597426445
22964,F,2017,ARM,2017,SU,2,2017-07-23,M4801,M4802,G*/W*,136.017,32,3,167.614,10.719,11.287,176.239,450,138.404,127.124,1,10.754,6.771,300,N,NA,0,7922,2017-05-08,3,128,24.3,2017-06-02,58.1,20948,128,204,SU 2017,-0.05105294730771934,0.9214540312296439
23256,F,2017,ARM,2017,SU,2,2017-08-02,M0964,M2348,R*/B,53.765,7,2,398.208,3.72,3.194,355.605,450,164.497,122.558,1,78.775,37.701,300,N,NA,0,NA,NA,NA,NA,NA,NA,NA,NA,NA,214,SU 2017,-2.263964365734351,0.6933630763874422
22684,F,2017,ARM,2017,SU,2,2017-07-18,M4655,M4656,G*/R*,130.557,17,20,103.338,157.485,8.906,153.23,450,202.084,94.725,1,109.279,42.331,300,Y,NA,0,8034,2017-04-24,2,114,10.8,2017-05-20,61,20061,114,199,SU 2017,1.3412876403481904,0.8526554169181045
22986,M,2017,ARM,2017,SU,2,2017-07-27,M4815,M4816,W*/G*,90.103,30,11,99.872,82.035,22.944,232.079,450,294.35,0,1,214.575,194.07,300,Y,NA,0,7938,2017-05-13,3,136,15.5,2017-06-07,45.2,21907,133,208,SU 2017,0.16887137356296755,0.7083674413123294
22722,F,2017,ARM,2017,SU,1,2017-06-20,M4657,M4658,B*/G*,50.781,6,5,45.747,7.309,14.78,352.456,450,299.999,0,0,281.482,0.001,300,Y,NA,0,7931,2017-04-29,4,121,13.4,2017-05-24,46.2,21273,119,171,SU 2017,-1.4357616744004091,1.2072760452732423
23174,F,2017,ARM,2017,KL,1,2017-07-09,M4986,M4987,G*/O,136.074,0,5,91.726,54.239,15.75,156.683,450,300,0,0,299.366,0.034,300,Y,NA,0,7828,2017-05-13,3,135,NA,2017-06-07,51.3,21342,133,190,KL 2017,-0.043599677512461944,1.1417949058868455
23000,F,2017,ARM,2017,KL,1,2017-07-06,M1716,M1722,O*/Y,43.151,14,11,311.794,6.591,3.813,339.983,450,218.693,50.546,0,298.696,0.061,300,Y,NA,0,8138,2017-05-14,2,136,13.7,2017-06-12,59.9,21578,134,187,KL 2017,-1.6147583734029824,0.560758715100654
22875,F,2017,ARM,2017,KL,1,2017-07-15,M4965,M4966,Y*/R,91.35,16,3,307.559,51.704,8.941,193.3,450,266.066,23.246,0,290.924,0.067,300,N,NA,0,7816,2017-05-08,4,128,8.2,2017-06-05,43.3,20995,128,196,KL 2017,-0.7698231152959946,0.9200278447211979
22639,F,2017,ARM,2017,KL,1,2017-06-12,M4699,M4700,B*/B*,53.853,13,7,112.445,12.138,15.381,336.678,450,3.604,294.526,0,296.996,0.133,300,N,NA,0,7830,2017-04-20,3,110,9.7,2017-05-14,45.9,21350,110,163,KL 2017,-1.2837158182550537,-1.438899892549079
22891,M,2017,ARM,2017,KL,1,2017-06-25,M4682,M4683,Y*/Y*,185.139,11,7,143.809,0.369,8.002,165.322,450,265.343,13.54,0,298.28,0.168,300,N,NA,0,8131,2017-05-02,3,130,24.5,2017-05-28,46.2,20857,122,176,KL 2017,0.16132503797235673,0.9301515498059441
22966,F,2017,ARM,2017,SU,1,2017-07-05,M4648,M4649,B*/Y*,65.262,24,7,311.622,45.791,4.38,131.856,450,11.062,222.324,0,219.177,0.189,300,Y,NA,0,7922,2017-05-08,3,128,23.7,2017-06-02,57.4,20948,128,186,SU 2017,-0.4567347085510805,-0.8179109162043594
23042,M,2017,ARM,2017,KL,1,2017-07-09,M4942,M4943,G*/P,4.629,8,0,435.252,13.178,3.371,377.588,450,293.36,0,0,193.56,0.2,300,Y,NA,0,7832,2017-05-16,3,140,18.9,2017-06-10,48.1,21382,136,190,KL 2017,-2.7874961555966906,1.4975125788784087
23088,M,2017,ARM,2017,KL,1,2017-07-06,M4972,M4973,B*/O,44.876,19,11,349.198,36.576,14.415,168.9,450,0,191.592,0,271.505,0.467,300,N,NA,0,7809,2017-05-09,2,143,37.9,2017-06-05,58.6,20865,129,187,KL 2017,-0.8379901270942035,-0.931895323973711
22864,M,2017,ARM,2017,KL,1,2017-06-27,M2182,M2183,W*/R,3.184,9,0,403.248,0.253,0,139.182,450,293.292,0.656,0,230.503,0.708,300,N,NA,0,7928,2017-05-06,2,127,11.2,2017-05-31,48.5,21075,126,178,KL 2017,-1.8631072344400357,1.3575017154981117
22924,M,2017,ARM,2017,KL,1,2017-06-30,M4495,M4496,W*/G,11.906,2,3,425.709,24.384,0,306.955,450,213.748,78.414,0,222.256,6.907,300,N,NA,0,7877,2017-04-08,3,NA,NA,2017-05-14,74.8,22388,98,181,KL 2017,-2.355582597737059,0.6746006200500912
23024,M,2017,ARM,2017,KL,1,2017-07-02,M4951,M4952,B*/R,18.316,18,2,361.057,42.09,8.583,233.961,450,188.261,74.888,0,275.953,7.245,300,Y,NA,0,7745,2017-05-09,3,138,28.7,2017-06-03,57.8,19766,129,183,KL 2017,-1.6123851994307075,0.37541424675682644
22777,F,2017,ARM,2017,KL,1,2017-06-30,M4615,M4616,R*/O*,2.165,7,0,439.429,31.357,6.943,289.371,450,20.254,217.521,0,211.711,19.119,300,Y,NA,0,7825,2017-05-02,3,124,15.9,2017-05-27,55.6,21227,122,181,KL 2017,-2.4141962682129408,-0.8006195162002364
22721,F,2017,ARM,2017,SU,1,2017-06-20,M4663,M4664,G*/O*,70.345,18,6,285.453,18.741,9.576,270.787,450,82.803,190.426,0,284.784,19.353,300,Y,NA,0,7931,2017-04-29,4,121,14.3,2017-05-24,50.5,21273,119,171,SU 2017,-1.1916426583229056,-0.6692078507952203
22759,F,2017,ARM,2017,KL,1,2017-06-30,M4630,M4631,Y*/B*,80.33,32,11,237.451,0.539,0,204.244,450,191.855,77.402,0,292.799,21.175,300,N,NA,0,7736,2017-05-03,4,123,8.6,2017-05-28,47,19583,123,181,KL 2017,-0.39899477549845946,0.26665099103719336
23031,F,2017,ARM,2017,KL,1,2017-07-18,M2468,M2469,W/W*,15.047,10,4,196.065,19.35,8.227,307.921,450,193.282,102.587,0,299.173,47.731,300,Y,NA,0,7812,2017-05-18,3,138,9.9,2017-06-12,41.1,20920,138,199,KL 2017,-1.7293045177061506,0.04309754310056396
22874,M,2017,ARM,2017,KL,1,2017-07-16,M4967,M4968,O*/G,90.938,17,15,140.692,19.826,38.23,210.715,450,131.883,157.664,0,259.962,48.673,300,Y,NA,0,7816,2017-05-08,4,128,8.9,2017-06-05,45.5,20995,128,197,KL 2017,-0.28020137043109533,-0.3286180006048936
23027,F,2017,ARM,2017,KL,1,2017-07-06,M4978,M4979,R*/O,246.401,6,7,322.381,3.803,15.514,36.223,450,31.04,102.502,0,288.19,89.026,300,N,NA,0,7796,2017-05-13,3,138,20.1,2017-06-07,56,20688,133,187,KL 2017,0.6026821401713316,-0.8149535063179975
22657,M,2017,ARM,2017,KL,1,2017-06-14,M4624,M4625,R*/B*,61.994,18,10,206.97,74.025,15.762,177.112,450,13.33,268.344,0,273.669,113.312,300,N,NA,0,7822,2017-04-22,3,113,11.9,2017-05-18,54.5,21155,112,165,KL 2017,-0.3019629778760751,-1.6306675117481113
23041,M,2017,ARM,2017,KL,1,2017-07-12,M4944,M4945,Y*/P,63.514,2,11,98.894,3,100.863,367.073,450,0,299.386,0,293.843,137.123,300,N,NA,0,7832,2017-05-16,3,140,19.2,2017-06-10,46.8,21382,136,193,KL 2017,-1.719580032073781,-1.9861713274660922
23256,F,2017,ARM,2017,SU,1,2017-07-25,M0964,M2348,R*/B,116.386,25,5,156.687,13.651,37.463,192.644,450,0,299.873,0,188.823,188.823,300,N,NA,0,NA,NA,NA,NA,NA,NA,NA,NA,NA,206,SU 2017,-0.35519463710860216,-1.801385457078768
23040,F,2017,ARM,2017,KL,1,2017-07-09,M4946,M4947,O*/Bk,9.231,7,0,262.261,20.474,95.446,338.674,450,0,300,0,239.573,200.834,300,N,NA,0,7832,2017-05-16,3,140,17.4,2017-06-10,42.4,21382,136,190,KL 2017,-2.583021994974702,-2.0331557606859634
22953,F,2017,ARM,2017,KL,1,2017-07-09,M4984,M4985,R*/Y,95.066,33,13,219.053,30.888,22.956,250.907,450,0,299.999,0,295.795,251.385,300,N,NA,0,7828,2017-05-13,3,135,15,2017-06-07,53.5,21342,133,190,KL 2017,-0.2698745064945042,-2.431230932006714
22684,F,2017,ARM,2017,SU,1,2017-06-23,M4655,M4656,G*/R*,135.032,22,8,284.482,139.306,6.382,130.654,450,0,300,0,277.533,277.533,300,Y,NA,0,8034,2017-04-24,2,114,10.8,2017-05-20,61,20061,114,174,SU 2017,0.5934110269003381,-2.464121528996745
23054,F,2017,ARM,2017,KL,1,2017-07-09,F9048,F9049,B/O*,35.803,17,6,111.573,24.648,38.028,344.533,450,0,297.132,0,294.32,294.32,300,Y,NA,0,7933,2017-05-20,2,141,12.7,2017-06-21,72,21366,140,190,KL 2017,-1.4385802064345488,-2.5774084144375995
22951,F,2017,ARM,2017,KL,1,2017-07-07,M4994,M4995,R*/Bk,6.135,0,1,15.015,0,87.703,428.779,450,11.711,224.932,0,295.061,295.061,300,Y,hung from the entrance after released (i.e. no jumps),0,7797,2017-05-14,2,134,13.9,2017-06-08,48.1,20732,134,188,KL 2017,-2.5621638423844266,-2.2267180837079907
22954,M,2017,ARM,2017,KL,1,2017-07-12,M4982,M4983,B*/G,96.466,26,30,100.908,10.004,27.25,265.418,450,0.406,299.355,0,295.689,295.689,300,Y,NA,0,7828,2017-05-13,3,135,14,2017-06-07,51.2,21342,133,193,KL 2017,0.36172622671419447,-2.5950935059700515
22778,M,2017,ARM,2017,KL,1,2017-06-30,M4617,M4618,G*/W*,0.872,5,0,279.841,10.632,0,364.99,450,0.418,299.462,0,296.231,296.231,300,N,NA,0,7825,2017-05-02,3,124,13.3,2017-05-27,51.8,21227,122,181,KL 2017,-2.4778637882844774,-2.5995332415270607
23052,F,2017,ARM,2017,SU,1,2017-07-20,M3893,M3894,W*/W*,22.951,11,4,241.751,1.585,9.001,414.489,450,298.008,0,0,300,300,300,Y,NA,0,7899,2017-05-17,2,137,18,2017-06-13,52.5,12003,137,201,SU 2017,-2.257293896335751,-0.012538528958241226
22659,F,2017,ARM,2017,KL,1,2017-06-14,M4670,M4671,Y*/G*,1.502,1,0,445.377,0,0,438.679,450,299.833,0,0,300,300,300,N,never saw itself in mirror: NA for attack and approach latencies (changed to max value),0,7822,2017-04-22,3,113,11.2,2017-05-18,49.8,21155,112,165,KL 2017,-3.2333865984347776,-0.004200973618155048
22652,F,2017,ARM,2017,SU,1,2017-06-20,M4667,M4668,O*/G*,3.917,5,0,444.709,44.911,0,239.368,450,300,0,0,300,300,300,N,never saw itself in mirror: NA for attack and approach latencies (changed to max value),0,7739,2017-04-23,3,113,9.1,2017-05-18,47.7,19611,113,171,SU 2017,-2.1564755158286317,-0.003438030197994015
22774,M,2017,ARM,2017,KL,1,2017-06-22,M4686,M4687,O*/R*,41.182,22,2,356.99,21.571,3.87,327.577,450,300,0,0,300,300,300,N,never saw itself in mirror: NA for attack and approach latencies (changed to max value),0,8041,2017-05-03,2,124,11.8,2017-05-29,50.3,19809,123,173,KL 2017,-1.8209085105857756,-0.003438030197994015
22865,F,2017,ARM,2017,KL,1,2017-06-27,M4690,M4691,O*/B,4.196,12,0,402.184,10.907,0,393.273,450,300,0,0,300,300,300,Y,never saw itself in mirror: NA for attack and approach latencies (changed to max value),0,7928,2017-05-06,2,127,11.8,2017-05-31,51,21075,126,178,KL 2017,-2.711375418720907,-0.003438030197994015
23079,M,2017,ARM,2017,KL,1,2017-07-12,M4917,M4918,G*/R,95.835,17,2,286.204,12.096,6.818,262.97,450,290.175,1.03,0,300,300,300,Y,never saw itself in mirror: NA for attack and approach latencies (changed to max value),0,7851,2017-05-13,3,143,24.8,2017-06-07,46.2,21269,133,193,KL 2017,-1.179523781622343,-0.052642351894539884
22685,F,2017,ARM,2017,SU,1,2017-06-20,M4654,M4653,R*/B*,2.871,9,0,442.824,9.808,0,413.274,450,0,294.615,0,300,300,300,N,never saw itself in mirror: NA for attack and approach latencies (changed to max value),0,8034,2017-04-24,2,114,10.8,2017-05-20,65.8,20061,114,171,SU 2017,-2.9394802326822282,-2.6092552896100205
22897,M,2017,ARM,2017,KL,1,2017-06-30,M4805,M4806,B*/B,59.476,25,4,59.865,0.757,38.018,346.074,450,1.096,296.915,0,300,300,300,Y,never saw itself in mirror: NA for attack and approach latencies (changed to max value),0,7823,2017-05-08,3,128,13.2,2017-06-02,49.9,21215,128,181,KL 2017,-1.2386527961163785,-2.6138916157445324
23025,M,2017,ARM,2017,KL,1,2017-07-02,M4955,M4956,G*/Y,1.164,5,0,433.999,6.922,0,247.39,450,1.446,298.797,0,300,300,300,Y,never saw itself in mirror: NA for attack and approach latencies (changed to max value),0,7745,2017-05-09,3,138,26.2,2017-06-03,46.5,19766,129,183,KL 2017,-2.3841884299688427,-2.620183472196606
22978,F,2017,ARM,2017,SU,1,2017-06-29,M4822,M4823,G*/G*,129.967,32,3,271.807,62.675,3.871,148.964,450,0,300,0,300,300,300,N,never saw itself in mirror: NA for attack and approach latencies (changed to max value),0,7908,2017-05-09,3,136,22.8,2017-06-03,40.3,19742,129,180,SU 2017,0.08852059663256558,-2.631833489191356
22719,M,2017,ARM,2017,SU,1,2017-06-20,M4661,M4662,Y*/W*,111.631,15,9,122.422,22.01,8.076,259.629,450,0,300,0,300,300,300,N,never saw itself in mirror: NA for attack and approach latencies (changed to max value),0,7931,2017-04-29,4,121,14.6,2017-05-24,50.6,21273,119,171,SU 2017,-0.4122330574519646,-2.631833489191356
22873,M,2017,ARM,2017,KL,2,2017-07-24,M4969,M4970,W*/Y,59.269,29,2,284.138,21.065,23.727,189.985,450,274.713,16.146,0,274.885,0.167,300,Y,NA,0,7816,2017-05-08,4,128,9,2017-06-05,48.4,20995,128,205,KL 2017,-0.9824005255806425,1.0475368163496257
23089,M,2017,ARM,2017,KL,2,2017-07-27,M4974,M4975,R*/W,20.924,1,7,5.373,0,103.232,425.866,450,115.325,181.153,0,292.935,0.236,300,Y,NA,0,7809,2017-05-09,2,143,36.9,2017-06-05,58.4,20865,129,208,KL 2017,-2.2384190460067237,-0.43870102915522613
22658,F,2017,ARM,2017,KL,2,2017-07-13,M4622,M4623,G*/R*,0.467,2,0,215.881,0,0,441.466,450,280.482,18.241,0,286.338,0.279,300,Y,NA,0,7822,2017-04-22,3,113,11.5,2017-05-18,53.2,21155,112,194,KL 2017,-2.7370167288742433,1.0228251439521463
22759,F,2017,ARM,2017,KL,2,2017-07-23,M4630,M4631,Y*/B*,99.206,28,18,117.798,4.532,15.756,253.702,450,271.5,15.738,0,298.024,0.7,300,N,NA,0,7736,2017-05-03,4,123,8.6,2017-05-28,47,19583,123,204,KL 2017,-0.02851134629574253,0.9479727789195592
22985,F,2017,ARM,2017,SU,2,2017-07-29,M4811,M4812,Y*/B*,71.699,25,7,183.419,61.704,26.479,197.505,450,251.741,29.575,0,273.407,0.924,300,Y,NA,0,7938,2017-05-13,3,136,15.3,2017-06-07,45.3,21907,133,210,SU 2017,-0.37090165399566755,0.8888009603967083
22898,M,2017,ARM,2017,KL,2,2017-07-21,M4807,M4808,R*/R,17.297,5,1,414.093,38.176,6.207,359.141,450,1.317,295.929,0,1.035,0.996,300,Y,NA,0,7823,2017-05-08,3,128,12.9,2017-06-02,51,21215,128,202,KL 2017,-2.4712093299026905,-0.37688137520121967
23000,F,2017,ARM,2017,KL,2,2017-08-02,M1716,M1722,O*/Y,34.775,8,4,62.678,1.869,57.006,387.735,450,296.198,1.667,0,298.182,1.002,300,Y,NA,0,8138,2017-05-14,2,136,13.7,2017-06-12,59.9,21578,134,214,KL 2017,-1.9257287356341777,1.1180748839187815
23041,M,2017,ARM,2017,KL,2,2017-07-30,M4944,M4945,Y*/P,26.515,3,1,45.687,4.974,175.596,405.612,450,41.816,258.503,0,285.955,1.176,300,N,NA,0,7832,2017-05-16,3,140,19.2,2017-06-10,46.8,21382,136,211,KL 2017,-2.6777637142844295,-1.0769132954712402
22979,M,2017,ARM,2017,SU,2,2017-07-24,M4820,M4821,Y*/Y*,45.803,5,5,49.784,33.547,4.276,375.272,450,264.905,22.852,0,18.012,18.012,300,Y,NA,0,7908,2017-05-09,3,136,25.7,2017-06-03,60.1,19742,129,205,SU 2017,-1.4010658663382953,1.8454036636030688
22685,F,2017,ARM,2017,SU,2,2017-07-24,M4654,M4653,R*/B*,403.14,1,2,422.489,6.725,4.924,6.864,450,261.073,28.615,0,294.459,18.685,300,N,NA,0,8034,2017-04-24,2,114,10.8,2017-05-20,65.8,20061,114,205,SU 2017,1.387405821339087,0.790849463320135
23080,M,2017,ARM,2017,KL,3,2017-07-29,M4919,M4920,Y*/G,4.837,0,0,0,0,4.345,445.039,450,226.052,66.035,0,295.464,24.528,300,Y,note that this is technically trial #3,0,7851,2017-05-13,3,143,25.9,2017-06-07,46.5,21269,133,210,KL 2017,-2.301478193791577,0.44802517429544003
23079,M,2017,ARM,2017,KL,2,2017-07-29,M4917,M4918,G*/R,120.047,37,4,250.416,1.302,12.675,187.849,450,56.867,217.777,0,298.472,77.268,300,Y,NA,0,7851,2017-05-13,3,143,24.8,2017-06-07,46.2,21269,133,210,KL 2017,-0.3226255630500093,-1.1730641351887308
22874,M,2017,ARM,2017,KL,2,2017-07-24,M4967,M4968,O*/G,4.764,1,2,76.176,0,24.501,435.897,450,299.705,0,0,206.59,117.968,300,Y,NA,0,7816,2017-05-08,4,128,8.9,2017-06-05,45.5,20995,128,205,KL 2017,-2.4200790534169903,1.0301657038570626
23027,F,2017,ARM,2017,KL,2,2017-07-29,M4978,M4979,R*/O,0.818,1,2,210.016,0,8.363,446.313,450,0,299.833,0,188.629,188.629,300,N,NA,0,7796,2017-05-13,3,138,20.1,2017-06-07,56,20688,133,210,KL 2017,-2.7124510699949,-1.7997695715115323
22864,M,2017,ARM,2017,KL,2,2017-07-20,M2182,M2183,W*/R,31.28,14,6,178.938,0.865,20.763,389.815,450,0,76.206,0,233.626,233.626,300,N,NA,0,7928,2017-05-06,2,127,11.2,2017-05-31,48.5,21075,126,201,KL 2017,-1.8931936969389185,-1.1980416697015857
22657,M,2017,ARM,2017,KL,2,2017-07-27,M4624,M4625,R*/B*,277.88,14,9,97.573,68.623,10.844,47.733,450,19.344,249.144,0,237.027,237.027,300,N,NA,0,7822,2017-04-22,3,113,11.9,2017-05-18,54.5,21155,112,208,KL 2017,1.8399237023382142,-1.8601495153620033
22966,F,2017,ARM,2017,SU,2,2017-07-25,M4648,M4649,B*/Y*,13.754,1,1,0,0,9.854,438.132,450,0,299.818,0,250.344,250.344,300,Y,NA,0,7922,2017-05-08,3,128,23.7,2017-06-02,57.4,20948,128,206,SU 2017,-2.1792784636342493,-2.260397631805516
22659,F,2017,ARM,2017,KL,2,2017-07-06,M4670,M4671,Y*/G*,58.054,57,7,335.088,4.7,3.237,213.288,450,0.234,296.527,0,298.651,298.651,300,N,NA,0,7822,2017-04-22,3,113,11.2,2017-05-18,49.8,21155,112,187,KL 2017,-0.5419031948952252,-2.606132845498058
23025,M,2017,ARM,2017,KL,2,2017-07-24,M4955,M4956,G*/Y,4.315,5,0,442.748,5.77,0,330.238,450,0,299.513,0,300,300,300,Y,never saw itself in mirror: NA for attack and approach latencies (changed to max value),0,7745,2017-05-09,3,138,26.2,2017-06-03,46.5,19766,129,205,KL 2017,-2.7009915586301974,-2.6297915981614377
22865,F,2017,ARM,2017,KL,2,2017-07-21,M4690,M4691,O*/B,3.71,3,0,446.966,8.489,0,430.768,450,0,299.999,0,300,300,300,Y,never saw itself in mirror: NA for attack and approach latencies (changed to max value),0,7928,2017-05-06,2,127,11.8,2017-05-31,51,21075,126,202,KL 2017,-3.113680420058803,-2.6318292963966337
23080,M,2017,ARM,2017,KL,2,2017-07-12,M4919,M4920,Y*/G,145.02,8,11,9.043,200.179,22.522,87.697,450,0,298.098,0,292.593,292.593,300,Y,note that this is technically trial #2,0,7851,2017-05-13,3,143,25.9,2017-06-07,46.5,21269,133,193,KL 2017,1.5698413143204064,-2.568566921587196
23501,F,2018,ARM,2018,KL,1,2018-06-16,F9328,F9329,Y*/B*,167.861,48,7,230.934,11.607,0,48.648,450,238.04,34.766,55,17.184,0.6,300,Y,NA,0,8717,2018-04-25,4,120,20.9,2018-05-21,52.4,19983,115,167,KL 2018,0.9876840129637334,2.9415696839738565
23525,M,2018,ARM,2018,KL,2,2018-07-15,F9496,F9497,W*/B,14.74,5,1,434.051,2.749,2.702,402.801,450,231.434,35.532,28,10.11,0.033,300,Y,NA,0,8723,2018-04-30,2,122,13.1,2018-05-28,63.6,20079,120,196,KL 2018,-2.8713845475649835,2.347354198919208
23566,F,2018,ARM,2018,KL,2,2018-07-14,F9330,F9331,G*/B*,160.744,23,6,206.22,21.814,8.908,207.249,450,158.323,91.189,19,22.023,0.334,300,Y,NA,0,8777,2018-04-25,2,125,24.1,2018-05-22,NA,21022,115,195,KL 2018,-0.038967308424509295,1.5390224701579318
23580,M,2018,ARM,2018,KL,1,2018-06-16,F9322,F9323,R*/W*,160.922,37,2,187.856,26.699,25.327,152.101,450,193.924,89.423,12,1.568,0.034,300,Y,NA,0,8752,NA,3,126,28.6,2018-05-22,59.1,20628,NA,167,KL 2018,0.24292749436794406,1.6323085110645579
23419,F,2018,ARM,2018,KL,1,2018-06-12,F9205,F9206,O*/Bk,140.724,73,4,115.982,85.741,14.681,109.714,450,234.124,48.58,10,2.636,0.034,300,Y,NA,0,8729,2018-04-22,2,113,12,2018-05-22,76,20220,112,163,KL 2018,1.4374222103582663,1.9396886927594121
23494,F,2018,ARM,2018,KL,1,2018-06-25,F9339,F9340,O*/O,171.174,81,15,192.592,84.847,0,66.182,450,213.149,52.516,10,21.221,9.376,300,Y,NA,0,8718,2018-04-27,3,118,13,2018-05-23,57.5,19984,117,176,KL 2018,2.2654887554128535,1.723844747425117
23558,F,2018,ARM,2018,KL,1,2018-06-18,F9470,F9471,B*/O,41.316,29,8,378.662,1.234,11.411,316.598,450,206.337,59.893,8,7.975,0.067,300,Y,NA,0,8699,2018-04-30,3,125,27.6,2018-05-28,63.2,19583,120,169,KL 2018,-1.615596511230289,1.702054471622126
23566,F,2018,ARM,2018,KL,1,2018-06-16,F9330,F9331,G*/B*,109.016,34,5,269.983,21.943,10.821,77.51,450,245.41,37.403,4,78.412,0.934,300,Y,NA,0,8777,2018-04-25,2,125,24.1,2018-05-22,NA,21022,115,167,KL 2018,0.08190604105953009,1.626894327223172
23506,M,2018,ARM,2018,KL,1,2018-06-29,F9480,F9481,Y*/P,258.197,47,5,147.178,102.931,12.813,40.667,450,149.281,121.791,4,116.783,79.813,300,Y,NA,0,8843,2018-04-29,3,120,13.1,2018-05-24,46,22297,119,180,KL 2018,2.175819059127771,0.39313120870348867
23689,M,2018,ARM,2018,KL,1,2018-07-11,F9421,F9422,R/O*,99.357,27,0,267.485,60.73,12.179,133.455,450,289.222,4.004,3,49.65,0.1,300,Y,NA,0,8945,NA,3,142,26.6,2018-06-12,76.7,21075,NA,192,KL 2018,-0.3022595825696955,2.0535698806752234
23558,F,2018,ARM,2018,KL,2,2018-07-17,F9470,F9470,B*/O,137.675,111,9,236.903,9.066,4.27,135.697,450,187.184,59.659,3,177.945,0.033,300,Y,NA,0,8699,2018-04-30,3,125,27.6,2018-05-28,63.2,19583,120,198,KL 2018,1.506001276628546,0.8854373274638984
23607,M,2018,ARM,2018,KL,2,2018-07-26,M5524,M5596,B/W*,110.639,53,10,233.783,32.597,12.344,80.332,450,269.535,22.454,3,2.136,1.668,300,Y,NA,0,8738,2018-05-03,3,128,12.8,2018-05-30,40.1,20297,123,207,KL 2018,0.7161869428688148,2.0539455831560822
23401,F,2018,ARM,2018,KL,1,2018-06-23,M6024,M6025,W*/W*,90.902,11,4,259.758,89.968,6.14,90.886,450,291.723,1.367,2,8.108,3.603,300,Y,merged first part of trial 1a with the rest of trial 1b,0,8933,2018-04-21,3,112,12.3,2018-05-17,54.8,20857,111,174,KL 2018,-0.10980655180157449,2.1927183616518335
23465,F,2018,ARM,2018,KL,1,2018-06-20,F9290,F9291,W*/R*,24.129,7,3,321.573,38.056,5.006,258.279,450,214.014,61.961,2,178.662,7.107,300,Y,NA,0,8728,2018-04-23,3,115,14.5,2018-05-22,56.9,20191,113,171,KL 2018,-1.7250635814618684,0.9469767961535914
23631,F,2018,ARM,2018,KL,1,2018-06-26,F9301,F9302,O*/B,142.946,65,7,202.851,31.096,10.877,125.599,450,200.902,92.489,1,63.73,0.634,300,Y,NA,0,8776,2018-04-29,3,132,25.4,2018-05-27,57.3,21007,119,177,KL 2018,0.9170623903103029,1.1819685884696127
23525,M,2018,ARM,2018,KL,1,2018-06-28,F9496,F9497,W*/B,182.499,46,1,196.393,59.3,0,67.69,450,22.455,61.827,0,298.297,0.033,300,Y,NA,0,8723,2018-04-30,2,122,13.1,2018-05-28,63.6,20079,120,179,KL 2018,1.079996962394706,-0.38149321733340213
23379,M,2018,ARM,2018,KL,1,2018-06-10,M5984,M5985,B*/Y*,78.58,2,5,7.741,171.448,11.378,194.635,450,90.823,204.402,0,137.237,0.034,300,Y,NA,0,8925,2018-04-18,3,108,8.5,2018-05-13,44.6,19706,108,161,KL 2018,0.25882927253999366,-0.07832408113917046
23573,F,2018,ARM,2018,KL,1,2018-06-29,F9212,F9213,O*/R,98.616,19,7,295.912,45.762,6.273,192.03,450,207.305,63.363,0,296.53,0.034,300,Y,NA,0,8778,2018-04-30,2,126,15.2,2018-05-27,52.2,21023,120,180,KL 2018,-0.5041751641338272,0.4630121915209899
23666,F,2018,ARM,2018,KL,1,2018-07-04,F9621,F9622,Y/R*,7.101,0,2,0,2.553,0,440.342,450,299.23,0,0,277.51,0.1,300,Y,NA,0,8950,2018-05-07,3,136,17.5,2018-06-04,50.4,22278,127,185,KL 2018,-2.158599255077386,1.2179019626855687
23464,F,2018,ARM,2018,KL,1,2018-06-26,F9209,F9210,Y*/O,128.95,34,7,156.69,3.972,2.302,240.511,450,299.364,0,0,265.698,0.401,300,Y,NA,0,8709,2018-04-25,3,115,11,2018-05-23,52,19764,115,177,KL 2018,-0.13173758487301082,1.2605361552822993
23492,F,2018,ARM,2018,KL,1,2018-06-23,F9337,F9338,G*/B,171.28,28,23,120.622,25.022,10.845,200.677,450,0.266,237.61,0,296.668,0.6,300,Y,NA,0,8718,2018-04-27,3,118,12.7,2018-05-23,56.5,19984,117,174,KL 2018,0.9993375773660261,-1.2160931310910488
23467,M,2018,ARM,2018,KL,1,2018-06-20,F9234,F9235,G*/G,24.254,4,2,294.228,28.542,14.481,327.137,450,192.511,17.085,0,295.228,0.634,300,Y,NA,0,8728,2018-04-23,3,115,12.7,2018-05-22,55.1,20191,113,171,KL 2018,-2.102496023558523,0.5919318883256939
23505,M,2018,ARM,2018,KL,1,2018-06-28,F9478,M9479,G*/W,331.036,41,6,11.211,13.436,13.945,74.994,450,233.73,42.577,0,290.856,0.934,300,Y,NA,0,8843,2018-04-29,3,120,12.1,2018-05-24,43.8,22297,119,179,KL 2018,2.318763163626109,0.6881942706095098
23387,F,2018,ARM,2018,KL,1,2018-06-10,M5990,M5991,G*/G*,123.992,21,14,99.1,86.371,18.026,148.535,450,4.671,291.624,0,280.414,175.108,300,Y,NA,0,8927,2018-04-19,2,109,10.8,2018-05-14,48.2,19846,109,161,KL 2018,0.7399013004548886,-2.027937429046062
23520,F,2018,ARM,2018,KL,1,2018-06-20,F9472,F9473,Y*/W*,12.186,5,2,41.942,10.775,8.109,408.179,450,19.519,242.207,0,288.087,288.087,300,Y,NA,0,8790,2018-04-29,2,121,13.2,2018-05-27,71.4,21350,119,171,KL 2018,-1.9995305828600192,-2.2114179733691937
23577,M,2018,ARM,2018,KL,1,2018-07-04,F9460,F9461,O/O*,72.483,10,5,1.668,113.261,43.009,255.702,450,0.499,298.097,0,295.886,295.886,300,Y,NA,0,8842,2018-05-03,3,126,13.1,2018-05-30,42.8,22296,123,185,KL 2018,-0.30828877827070694,-2.5908646657441072
23496,M,2018,ARM,2018,KL,1,2018-06-13,F9288,F9289,Y*/Y,110.861,32,3,250.902,33.963,22.055,188.067,450,299.998,0,0,300,300,300,Y,never saw itself in mirror: NA for attack and approach latencies (changed to max value),0,8784,2018-04-23,2,118,20,2018-05-21,67.1,21215,113,164,KL 2018,-0.37514937209957777,-0.003447167244942175
23607,M,2018,ARM,2018,KL,1,2018-07-07,M5524,M5596,B/W*,26.465,13,2,402.552,1.268,3.304,271.014,450,299.998,0,0,300,300,300,Y,never saw itself in mirror: NA for attack and approach latencies (changed to max value),0,8738,2018-05-03,3,128,12.8,2018-05-30,40.1,20297,123,188,KL 2018,-2.061436570377179,-0.003447167244942175
23665,F,2018,ARM,2018,KL,1,2018-07-14,F9623,F9624,G/O*,45.205,10,4,358.008,1.333,4.171,395.7,450,299.998,0,0,300,300,300,Y,never saw itself in mirror: NA for attack and approach latencies (changed to max value),0,8950,2018-05-07,3,136,16.2,2018-06-04,49.8,22278,127,195,KL 2018,-2.2789832474483633,-0.003447167244942175
23578,F,2018,ARM,2018,KL,1,2018-07-07,F9458,F9459,Y/G*,28.132,10,4,58.59,10.674,17.885,372.02,450,300,0,0,300,300,300,Y,never saw itself in mirror: NA for attack and approach latencies (changed to max value),0,8842,2018-05-03,3,126,12.4,2018-05-30,41.1,22296,123,188,KL 2018,-1.6664850168789118,-0.003438030197994015
23688,F,2018,ARM,2018,KL,1,2018-07-17,F9423,F9424,W/G*,82.746,16,7,300.016,10.541,15.782,254.749,450,0.666,270.738,0,300,300,300,Y,never saw itself in mirror: NA for attack and approach latencies (changed to max value),0,8941,2018-05-18,2,142,14.2,2018-06-12,50.6,19719,138,198,KL 2018,-1.13694657855149,-2.5061012933842064
23485,M,2018,ARM,2018,KL,1,2018-06-16,F9476,F9211,Y*/R,78.045,20,0,278.597,19.707,10.377,272.436,450,0,299.165,0,300,300,300,Y,never saw itself in mirror: NA for attack and approach latencies (changed to max value),0,8743,2018-04-27,3,118,15.9,2018-05-24,54.3,20409,117,167,KL 2018,-1.3278790518349068,-2.6283325055979643
23463,M,2018,ARM,2018,KL,1,2018-06-28,F9333,F9334,R*/G,12.711,24,0,410.861,6.239,0,368.247,450,0,299.998,0,300,300,300,Y,never saw itself in mirror: NA for attack and approach latencies (changed to max value),0,8709,2018-04-25,3,115,10.3,2018-05-23,50.7,19764,115,179,KL 2018,-2.4041061053552197,-2.6318251036019107
23586,M,2018,ARM,2018,KL,1,2018-05-30,M5598,M5599,O*/B*,142.733,47,0,241.523,38.255,7.074,70.086,450,0,300,0,300,300,300,Y,never saw itself in mirror: NA for attack and approach latencies (changed to max value),0,8951,NA,3,127,35.8,2018-05-12,45.8,22495,NA,150,KL 2018,0.5289980281304287,-2.631833489191356
23573,F,2018,ARM,2018,KL,2,2018-07-26,F9212,F9213,O*/R,201.29,78,9,101.269,78.051,6.906,73.331,450,226.588,43.278,0,296.729,0.033,300,Y,NA,0,8778,2018-04-30,2,126,15.2,2018-05-27,52.2,21023,120,207,KL 2018,2.3028507232608075,0.6345958441133867
23586,M,2018,ARM,2018,KL,2,2018-06-26,M5598,M5599,O*/B*,43.763,12,8,384.818,2.533,1.117,375.639,450,248.413,33.601,0,286.486,0.034,300,Y,NA,0,8951,NA,3,127,35.8,2018-05-12,45.8,22495,NA,177,KL 2018,-2.0640922358408003,0.8123084348648643
23578,F,2018,ARM,2018,KL,2,2018-07-26,F9458,F9459,Y/G*,114.201,22,11,126.528,69.021,24.191,193.627,450,68.602,228.928,0,250.617,0.066,300,Y,NA,0,8842,2018-05-03,3,126,12.4,2018-05-30,41.1,22296,123,207,KL 2018,0.2228100584143736,-0.6971612124784867
23520,F,2018,ARM,2018,KL,2,2018-07-15,F9472,F9473,Y*/W*,105.022,41,9,119.951,103.554,26.327,161.517,450,296.76,2.736,0,295.595,0.134,300,Y,NA,0,8790,2018-04-29,2,121,13.2,2018-05-27,71.4,21350,119,196,KL 2018,0.6999347984054061,1.1289221182461413
23419,F,2018,ARM,2018,KL,2,2018-07-14,F9205,F9206,O*/Bk,90.917,73,10,283.527,86.872,9.542,108.292,450,144.274,181.815,0,277.476,0.434,300,Y,NA,0,8729,2018-04-22,2,113,12,2018-05-22,76,20220,112,195,KL 2018,0.9876159714690452,-0.2534794653188728
23505,M,2018,ARM,2018,KL,2,2018-07-18,F9478,F9479,G*/W,220.318,39,10,130.429,39.726,17.263,117.058,450,182.781,101.269,0,290.59,0.768,300,Y,broken leg; CJB,0,8843,2018-04-29,3,120,12.1,2018-05-24,43.8,22297,119,199,KL 2018,1.366480190558063,0.21095368546474985
23485,M,2018,ARM,2018,KL,2,2018-07-15,F9476,F9211,Y*/R,79.57,17,3,230.698,37.745,28.444,233.026,450,63.195,26.625,0,250.45,2.403,300,Y,NA,0,8743,2018-04-27,3,118,15.9,2018-05-24,54.3,20409,117,196,KL 2018,-0.9735761638378887,0.11805773653579191
23688,F,2018,ARM,2018,KL,2,2018-08-06,F9423,F9424,W/G*,39.886,4,4,3.136,0,137.271,407.948,450,16.214,205.337,0,298.598,4.505,300,Y,NA,0,8941,2018-05-18,2,142,14.2,2018-06-12,50.6,19719,138,218,KL 2018,-2.2374799173946647,-1.02985239334642
23387,F,2018,ARM,2018,KL,2,2018-07-08,M5990,M5991,G*/G*,89.888,31,8,185.887,89.462,7.141,193.033,450,293.491,5.238,0,296.228,8.775,300,Y,NA,0,8927,2018-04-19,2,109,10.8,2018-05-14,48.2,19846,109,189,KL 2018,0.13148439511738466,1.0682603232399093
23492,F,2018,ARM,2018,KL,2,2018-07-02,F9337,F9338,G*/B,194.887,43,5,140.944,31.062,9.776,108.801,450,5.673,201.4,0,279.712,19.085,300,Y,NA,0,8718,2018-04-27,3,118,12.7,2018-05-23,56.5,19984,117,183,KL 2018,1.049967635063041,-1.0480322300390845
23494,F,2018,ARM,2018,KL,2,2018-07-18,F9339,F9340,O*/O,95.592,2,11,1.501,196.251,18.085,155.917,450,6.306,286.984,0,299.198,187.22,300,Y,NA,0,8718,2018-04-27,3,118,13,2018-05-23,57.5,19984,117,199,KL 2018,0.8773544133536407,-2.115811048233773
23401,F,2018,ARM,2018,KL,2,2018-07-08,M6024,M6025,W*/W*,42.788,6,3,19.687,0,4.471,392.806,450,0.867,0,0,292.391,292.391,300,Y,NA,0,8933,2018-04-21,3,112,12.3,2018-05-17,54.8,20857,111,189,KL 2018,-1.6635265050863164,-1.3132343982254986
23496,M,2018,ARM,2018,KL,2,2018-07-10,F9288,F9289,Y*/Y,64.588,22,6,179.049,13.241,17.917,54.315,450,0.366,0,0,298.964,298.964,300,Y,time of trial missing in video - log book time 16:48,0,8784,2018-04-23,2,118,20,2018-05-21,67.1,21215,113,191,KL 2018,-0.17870369407885311,-1.364589446243546
23577,M,2018,ARM,2018,KL,2,2018-07-28,F9460,F9461,O/O*,76.545,4,8,44.912,31.457,21.224,329.217,450,0,244.242,0,300,300,300,Y,never saw itself in mirror: NA for attack and approach latencies (changed to max value),0,8842,2018-05-03,3,126,13.1,2018-05-30,42.8,22296,123,209,KL 2018,-0.9776544373573502,-2.398051641047231
23463,M,2018,ARM,2018,KL,2,2018-07-17,F9333,F9334,R*/G,15.133,1,3,432.683,0,0,430.444,450,0,299.464,0,300,300,300,Y,never saw itself in mirror: NA for attack and approach latencies (changed to max value),0,8709,2018-04-25,3,115,10.3,2018-05-23,50.7,19764,115,198,KL 2018,-2.9613098207412136,-2.629586151220029
23464,F,2018,ARM,2018,KL,2,2018-07-17,F9209,F9210,Y*/O,10.769,3,0,381.032,10.131,9.309,421.453,450,0,299.996,0,300,300,300,Y,never saw itself in mirror: NA for attack and approach latencies (changed to max value),0,8709,2018-04-25,3,115,11,2018-05-23,52,19764,115,198,KL 2018,-2.91442803927132,-2.6318167180124656
23447,F,2018,VAU,2018,JO,1,2018-08-02,F9272,F9273,R*/G*,150.492,22,14,116.181,144.178,0,52.85,450,237.001,12.981,5,16.083,2.303,300,NA,"Squirrel not visible in ""hang"" for part of trial",0,8834,2018-04-23,3,115,15.2,2018-05-19,43.3,22165,113,214,JO 2018,1.6482925582533585,1.9352581675225786
23473,F,2018,VAU,2018,JO,1,2018-07-07,F9170,F9171,W*/G*,191.334,31,26,200.202,50.785,9.108,16.781,450,190.822,68.703,31,21.755,0.3,300,NA,"Squirrel not visible in ""hang"" for part of trial",0,8857,2018-04-25,3,116,11.1,2018-05-21,56.6,22543,115,188,JO 2018,1.9747597233527763,2.044588678830606
23474,M,2018,VAU,2018,JO,1,2018-06-30,F9166,F9167,B*/O*,99.025,30,12,257.485,25.623,5.473,22.32,413.811,182.046,87.521,34,25.659,0.767,300,NA,"Squirrel not visible in ""hang"" for part of trial",0,8857,2018-04-25,3,116,11.9,2018-05-21,58.3,22543,115,181,JO 2018,0.5948374616735713,1.9749745619796335
23508,F,2018,VAU,2018,JO,1,2018-07-10,F9117,F9118,O*/B*,110.498,17,19,106.007,2.635,12.947,208.373,424.958,2.501,295.704,0,300,300,300,NA,"Squirrel not visible in ""hang"" for part of trial",0,8749,2018-04-28,3,120,13.5,2018-05-23,47.4,20488,118,191,JO 2018,0.15331502858242407,-2.602395365854436
23523,M,2018,VAU,2018,JO,1,2018-07-09,F9200,F9119,B*/G,137.313,44,16,167.799,68.083,13.346,59.585,450,2.502,1.468,0,300,0.534,300,NA,"Squirrel not visible in ""hang"" for part of trial",0,8741,2018-04-29,4,121,15,2018-05-26,45.7,20388,119,190,JO 2018,1.3974469203086863,-0.22770884457581808
23524,M,2018,VAU,2018,JO,1,2018-07-09,F9198,F9199,R*/P,125.749,39,4,195.064,4.006,25.326,155.136,450,300,0,0,300,3.904,300,NA,"Squirrel not visible in ""hang"" for part of trial",0,8741,2018-04-29,4,121,13.7,2018-05-26,43.8,20388,119,190,JO 2018,-0.042553844822840504,1.12473256426988
23540,F,2018,VAU,2018,JO,1,2018-08-04,F9109,F9110,G*/G*,185.819,30,21,210.595,34.97,15.683,30.962,450,175.374,91.957,13,45.88,0.467,300,NA,"Squirrel not visible in ""hang"" for part of trial",0,8761,2018-04-26,3,122,16.9,2018-05-22,46.9,20770,116,216,JO 2018,1.537939069615644,1.39515148534134
23541,M,2018,VAU,2018,JO,1,2018-07-12,F9249,F9161,P/W*,162.408,41,7,225.892,44.814,17.017,21.721,450,284.782,12.847,2,43.643,2.035,300,NA,"Squirrel not visible in ""hang"" for part of trial",0,8748,2018-04-28,3,119,9.8,2018-05-18,55.9,20440,118,193,JO 2018,1.0547264642079692,1.9889808646174234
23543,M,2018,VAU,2018,JO,1,2018-07-09,F9162,F9163,Y*/Y*,50.513,9,4,380.163,1.836,2.136,143.328,450,0.901,298.298,0,300,300,300,NA,"Squirrel not visible in ""hang"" for part of trial",0,8748,2018-04-28,3,119,10.5,2018-05-18,54.6,20440,118,190,JO 2018,-1.3383670304290038,-2.620581112923357
23544,F,2018,VAU,2018,JO,1,2018-07-12,F9101,F9102,R*/B*,255.839,44,24,53.387,87.187,5.606,30.496,450,108.842,70.554,26,115.031,1.434,300,NA,"Squirrel not visible in ""hang"" for part of trial",0,8747,2018-04-25,3,118,14.9,2018-05-21,52.5,20439,115,193,JO 2018,3.03854860088028,1.2080433141027744
23618,M,2018,VAU,2018,JO,1,2018-07-03,F9438,M5977,B/Y*,153.641,33,8,104.392,108.142,18.386,63.83,450,0,135.669,0,300,300,300,NA,"Squirrel not visible in ""hang"" for part of trial",0,8719,2018-04-23,3,NA,NA,2018-05-10,49.6,20046,113,184,JO 2018,1.3348649427808974,-1.942827339627666
23621,F,2018,VAU,2018,JO,1,2018-07-08,F9443,M5979,R/Y*,157.599,32,13,236.504,35.2,5.606,25.727,450,1.368,297.93,0,300,300,300,NA,"Squirrel not visible in ""hang"" for part of trial",0,8719,2018-04-23,3,NA,NA,2018-05-10,28.1,20046,113,189,JO 2018,1.0648916532390782,-2.6169046640030635
23676,F,2018,VAU,2018,JO,1,2018-07-25,F9657,F9658,O*/B,108.259,24,10,325.59,31.634,3.637,42.143,450,173.805,62.795,14,80.113,21.388,300,NA,"Squirrel not visible in ""hang"" for part of trial",0,8891,2018-05-13,3,137,14.2,2018-06-10,67.4,23072,133,206,JO 2018,0.20210406600468467,1.327240332997311
23678,M,2018,VAU,2018,JO,1,2018-07-15,F9661,F9662,Y*/R*,132.102,58,8,185.217,35.57,4.405,36.368,450,7.773,288.418,1,4.872,1.902,300,NA,"Squirrel not visible in ""hang"" for part of trial",0,8891,2018-05-13,3,137,15.7,2018-06-10,67.4,23072,133,196,JO 2018,1.1915368344161144,-0.3115610423092889
23679,F,2018,VAU,2018,JO,1,2018-08-06,F9626,F9627,R*/Y,173.619,32,6,76.742,162.83,5.505,24.659,450,263.998,27.961,52,0.968,0.301,300,NA,"Squirrel not visible in ""hang"" for part of trial",0,8687,NA,1,139,13.2,2018-06-11,43.5,13427,NA,218,JO 2018,1.932057839018747,3.083668219678274
23683,F,2018,VAU,2018,JO,1,2018-07-25,F9144,F9145,Y*/O,159.231,15,11,48.582,32.901,22.722,200.457,450,72.606,220.586,0,300,43.143,300,NA,"Squirrel not visible in ""hang"" for part of trial",0,8759,NA,2,140,29.5,2018-06-05,57.8,20751,NA,206,JO 2018,0.385157182835299,-0.9885006107841803
23797,M,2018,VAU,2018,JO,1,2018-08-06,M5981,-,O*/-,127.341,20,10,124.19,155.904,19.019,82.015,450,185.852,83.518,29,70.203,0.266,300,NA,"Squirrel not visible in ""hang"" for part of trial",0,NA,NA,NA,NA,NA,NA,NA,NA,NA,218,JO 2018,1.1530983382447464,1.7392177522003602
23889,F,2019,PLK,2019,JO,1,2019-08-21,F9567,F9568,Y/Y,77.043,24,2,318.655,45.263,4.749,209.263,450,0,298.249,0,300,300,300,NA,"guessed tags from db info, info not in video, no approach/attack, latency set to max",1,NA,NA,NA,NA,NA,NA,NA,NA,NA,233,JO 2019,-0.8811864839394984,-2.62449190563204
23906,M,2019,PLK,2019,KL,1,2019-09-15,M5828,M5829,R!/R!,383.584,12,1,8.999,313.029,3.753,5.499,450,292.741,3.257,2,2.251,1.5,300,NA,NA,1,NA,NA,NA,NA,NA,NA,NA,NA,NA,258,KL 2019,3.9178489405597587,2.2188628395385313
24287,F,2019,PLK,2019,JO,1,2019-09-22,F9809,F9810,W*/G*,123.985,64,7,269.761,199.438,4.25,16.443,450,78.061,170.21,13,0.501,0.251,300,NA,NA,1,9315,NA,4,181,25.9,2019-07-11,35.2,19729,NA,265,JO 2019,1.9530667935360817,0.7891438888657263
24333,F,2019,PLK,2019,JO,1,2019-09-17,F9830,F9832,R*/G*,0.25,2,0,448.999,19.251,0,195.718,450,300,0,0,300,300,300,NA,"squirrel did not see itself at all, both latencies set to max (300)",1,9258,NA,4,NA,NA,2019-07-11,29.7,23922,NA,260,JO 2019,-2.211025789688272,-0.003438030197994015
24360,F,2019,PLK,2019,JO,1,2019-08-18,F9845,F9846,B/R,113.691,14,8,229.939,160.88,28.777,56.031,450,292.75,7,0,300,1.25,300,NA,"no attack, latency set to max (300)",1,9106,NA,5,NA,NA,2019-07-16,41.6,21029,NA,230,JO 2019,0.7365725231937262,1.0723733478900614
24377,M,2019,PLK,2019,JO,1,2019-08-31,M6314,M6315,W*/W,218.014,85,14,168.554,98.976,19.751,6.648,450,92.425,137.28,1,9.009,0.503,300,NA,NA,1,9081,2019-06-20,5,174,10.4,2019-07-22,48.9,20046,171,243,JO 2019,2.895598396010973,0.6990752812731319
24384,F,2019,DH,2019,JO,1,2019-08-26,M6320,M6321,O*/O*,0,0,0,450,3.743,0,444.472,450,174.621,96.048,10,72.023,21.524,300,NA,NA,1,9081,2019-06-20,5,174,10.1,2019-07-22,47.7,20046,171,238,JO 2019,-3.2724965894469435,1.1333580833136714
24676,F,2019,PLK,2019,JO,1,2019-09-23,F9972,F9973,Y!/P!,257.501,44,34,134.381,117.992,20.999,12.245,450,183.129,63.342,14,28.529,1,300,NA,NA,1,9394,NA,6,241,14.7,2019-09-19,43.6,21046,NA,266,JO 2019,3.4340860602327425,1.6337472322685431
24680,M,2019,PLK,2019,JO,1,2019-09-22,S0955,S0956,W!/O!,187.356,49,13,237.823,136.372,7.702,35.005,450,225.179,65.552,21,1.118,0.618,300,NA,NA,1,NA,NA,NA,NA,NA,NA,NA,NA,NA,265,JO 2019,2.041614912488227,2.0708825752033526
24729,M,2019,DH,2019,JO,1,2019-09-13,M6624,M6625,Bk/P,134.063,64,8,273.472,114.308,2.25,16.001,450,221.623,34.007,17,1.252,0.249,300,NA,tag colors different on db than on videos,1,NA,NA,NA,NA,NA,NA,NA,NA,NA,256,JO 2019,1.6144633096483874,2.1005796405617287
24730,M,2019,DH,2019,JO,1,2019-09-24,M6622,M6623,B!/G!,16.08,9,4,281.245,34.017,3,377.328,450,167.385,104.785,39,1.001,0.751,300,NA,NA,1,NA,NA,NA,NA,NA,NA,NA,NA,NA,267,JO 2019,-2.087373213434215,2.034832640935006
24745,M,2019,DH,2019,JO,1,2019-09-13,F9839,F9840,O*/B*,30.553,9,2,99.857,55.767,22.519,305.037,450,300,0,0,300,2.749,300,NA,"no attack, latency set to max",1,NA,NA,NA,NA,NA,NA,NA,NA,NA,256,JO 2019,-1.3593769697706848,1.1291332891584647
24753,M,2019,DH,2019,JO,1,2019-08-12,F9738,F9739,B!/O!,86.306,58,5,333.809,159.807,15.002,35.251,450,29.503,262.234,11,184.936,171.424,300,NA,NA,1,NA,NA,NA,NA,NA,NA,NA,NA,NA,224,JO 2019,1.0471558915292527,-1.1883924245721815
24850,M,2020,DH,2020,KL,1,2020-05-30,M6372,M6367,Y!/B!,42.127,0,1,0,0,9.016,395.811,450,11.999,286.749,0,300,300,300,NA,NA,0,9691,2020-03-17,3,79,10.3,2020-04-16,68.6,23565,77,151,KL 2020,-1.831096877969172,-2.521457053157092
24859,F,2020,DH,2020,SU,1,2020-05-28,M6451,M6474,R/W,194.392,24,12,72.516,153.659,9.257,29.74,450,135.349,144.832,40,28.776,0.75,300,NA,NA,0,9693,NA,4,84,21.6,2020-04-18,79.4,23877,NA,149,SU 2020,2.1084840007166226,1.6408709482989465
24860,M,2020,DH,2020,SU,1,2020-05-30,M6455,M6456,R!/Bk!,164.895,16,8,123.303,47.024,88.67,114,450,109.963,180.252,62,212.963,171.249,300,NA,NA,0,9693,NA,4,84,24,2020-04-18,81.9,23877,NA,151,SU 2020,0.29762567232584486,0.5334109867363033
24869,F,2020,DH,2020,SU,1,2020-05-30,M6995,M6935,O/B,161.586,67,7,258.722,55.287,11.256,83,450,0.498,298.999,0,300,300,300,NA,NA,0,9694,NA,3,89,20.1,2020-04-22,68.2,23672,NA,151,SU 2020,1.2482670953743762,-2.625361376983947
24883,M,2020,DH,2020,SU,1,2020-06-14,M6997,M6993,R!/Y!,70.042,3,2,179.139,134.038,51.287,100.279,419.641,271.971,24.025,56,1.501,1.25,300,NA,NA,0,9762,NA,3,96,19.1,2020-04-27,64.8,24804,NA,166,SU 2020,-0.25050431352957275,3.2182673247668543
24885,F,2020,DH,2020,SU,1,2020-06-12,M6987,M6949,B/Y,144.815,66,4,246.164,97.053,12.504,36.757,435.435,3.251,294.995,0,300,300,300,NA,NA,0,9762,NA,3,96,18.5,2020-04-27,65.8,24804,NA,164,SU 2020,1.4833937759373828,-2.5959962817905806
24889,M,2020,DH,2020,JO,1,2020-06-16,M6972,M7499,R!/R!,215.345,24,25,95.538,101.19,8.767,36.471,450,300,0,0,300,1.751,300,NA,NA,0,9699,2020-04-03,4,97,16.7,2020-04-27,58.7,23027,94,168,JO 2020,2.412092160822472,1.1329358202743154
24968,F,2020,DH,2020,KL,1,2020-06-24,-,M6964,-/Bk,201.665,33,14,80.764,43.501,33.525,109.873,450,151.035,123.735,15,28.028,0.5,300,NA,NA,0,9770,2020-04-02,4,110,26.7,2020-04-27,39.4,23532,93,176,KL 2020,1.381613136256841,1.2594544484858992
24890,F,2020,DH,2020,KL,1,2020-06-09,M6968,M6967,W/R,150.291,21,6,83.677,119.177,32.513,99.245,450,197.336,17.272,7,1.752,1.251,300,NA,NA,0,9699,2020-04-03,4,97,15.9,2020-04-27,57.6,23027,94,161,KL 2020,0.9493716188897436,1.8360572382842133
24896,F,2020,DH,2020,JO,1,2020-06-18,M6780,M6781,B/W,110.915,4,7,20.563,9.998,34.524,208.511,413.877,0,299.249,0,300,300,300,NA,NA,0,9751,2020-04-07,3,103,12.7,2020-05-13,65.5,24525,98,170,JO 2020,-0.41316610569114076,-2.6286847003546647
24897,F,2020,DH,2020,JO,1,2020-06-12,M6776,M6777,Y/O,29.778,7,5,174.395,67.512,93.799,116.789,449.916,300,0,0,300,300,300,NA,NA,0,9751,2020-04-07,3,103,13,2020-05-13,65.1,24525,98,164,JO 2020,-0.9556255690167996,-0.003438030197994015
24902,M,2020,DH,2020,KL,1,2020-06-17,M7009,M7010,P!/G!,132.851,44,3,185.446,152.802,5,5,450,87.99,175.654,0,300,300,300,NA,NA,0,9704,NA,3,104,12.6,2020-05-04,55.9,24709,NA,169,KL 2020,1.5101326076904424,-1.7084918561328484
24904,M,2020,DH,2020,KL,1,2020-06-24,M7005,M7006,O!/B!,169.161,16,9,46.818,165.346,4.001,63.287,450,261.98,30.02,8,1.254,0.504,300,NA,NA,0,9704,NA,3,104,10.9,2020-05-04,49.3,24709,NA,176,KL 2020,1.6944025589247456,2.10441012630554
24926,M,2020,DH,2020,JO,1,2020-06-08,M6720,M6723,B!/R!,39.019,32,5,339.542,93.333,5.5,28.771,450,248.757,41.991,5,65.075,64.825,300,NA,NA,0,9765,NA,3,106,36.8,2020-04-27,62.1,24360,NA,160,JO 2020,-0.012584700804058008,1.4500652731634305
24927,F,2020,DH,2020,JO,1,2020-06-12,M6721,M6722,R/G,129.662,48,8,205.878,72.761,11.501,5.505,450,253.55,29.625,40,22.256,6.506,300,NA,NA,0,9765,NA,3,106,36.1,2020-04-27,60.5,24360,NA,164,JO 2020,1.2514115890154365,2.6658114568983478
24936,F,2020,DH,2020,SU,1,2020-06-24,J3228,J3227,Y/Y,212.488,50,7,100.808,61.054,5.002,43.772,402.374,268.747,1.75,3,146.002,5.501,300,NA,NA,0,9767,NA,2,107,18.9,2020-05-04,46,24673,NA,176,SU 2020,2.17525888900242,1.5967673133774065
24940,F,2020,DH,2020,KL,1,2020-06-15,M7060,M7495,B/B,98.084,8,9,53.045,15.756,71.81,227.011,450,0,300,0,300,300,300,NA,NA,0,9724,NA,4,107,36.5,2020-04-29,62,23054,NA,167,KL 2020,-0.6395103540648828,-2.631833489191356
24942,M,2020,DH,2020,KL,1,2020-07-06,M7493,M7492,O!/W!,185.876,20,10,58.275,166.934,14.249,12.247,450,66.284,210.456,1,103.546,14.015,300,NA,NA,0,9724,NA,4,107,32.6,2020-04-29,57.8,23054,NA,188,KL 2020,2.0523002131087686,-0.12414597281597158
24959,F,2020,DH,2020,JO,1,2020-06-22,M6728,M6729,B/B,152.415,84,8,167.046,72.031,13.753,14.251,450,212.063,64.166,16,59.562,3.252,300,NA,NA,0,9750,2020-04-14,4,110,16.4,2020-05-11,54.2,22290,105,174,JO 2020,2.0376262067466433,1.6841000426937272
24965,F,2020,DH,2020,JO,1,2020-06-30,M6744,M6745,O/Y,62.292,14,8,331.515,53.521,10,181.129,445.19,93.816,25.893,1,248.234,204.707,300,NA,NA,0,9748,2020-04-16,5,110,9.9,2020-05-14,54.6,21029,107,182,JO 2020,-0.8156276529137961,-0.4798817233589623
24966,F,2020,DH,2020,JO,1,2020-06-29,M6746,M6747,B/O,107.594,105,5,214.554,12,11.25,0,450,206.39,51.014,32,47.78,28.28,300,NA,NA,0,9748,2020-04-16,5,110,11.3,2020-05-14,61,21029,107,181,JO 2020,1.5895415570297307,2.0099659851863705
24969,F,2020,DH,2020,KL,1,2020-06-29,M6961,M6962,O/W,212.376,82,1,196.436,45.537,9.254,12.501,450,202.938,71.555,39,0.502,0.002,300,NA,NA,0,9770,2020-04-02,4,110,24.9,2020-04-27,35.9,23532,93,181,KL 2020,1.97721504092205,2.3412614043262154
24972,M,2020,DH,2020,KL,1,2020-06-16,M7011,M7012,G!/R!,227.39,44,11,104.826,81.391,29.757,47.501,450,0.752,289.498,0,300,300,300,NA,Squirrel never saw itself in the mirror  approach/attack latency set to max value (300),0,9727,2020-04-08,3,110,27.7,2020-05-05,66.8,20857,99,168,KL 2020,2.0260943313699307,-2.5843652293618855
24975,F,2020,DH,2020,KL,1,2020-06-22,M6466,M6467,O/P,159.574,16,7,13.494,239.679,11.005,13.494,450,194.68,83.802,5,25.501,0.502,300,NA,NA,0,9771,2020-04-15,3,111,15.6,2020-05-13,48.5,24409,106,174,KL 2020,2.1747320914236683,1.4174182477251847
24984,M,2020,DH,2020,JO,1,2020-06-24,M6751,M6752,P!/Y!,82.287,57,7,206.418,21.498,11.285,21.272,450,293.751,5.748,3,71.021,0.5,300,NA,NA,0,9758,NA,4,111,27.7,2020-05-05,62.4,24356,NA,176,JO 2020,0.6927500477989416,1.9873206500657363
24985,F,2020,DH,2020,JO,1,2020-07-01,M6753,M6754,O/R,195.128,34,8,143.046,40.002,16.751,4.501,449.168,147.55,130.955,2,234.359,35.752,300,NA,NA,0,9758,NA,4,111,26.9,2020-05-05,62.5,24356,NA,183,JO 2020,1.435412225050727,0.041361283228506046
25006,M,2020,DH,2020,JO,1,2020-07-07,M6772,-,G/-,165.709,46,7,170.786,83.039,20.503,2.751,450,140.123,152.073,5,186.656,94.095,300,NA,NA,0,9774,NA,3,118,10.7,2020-05-20,48.7,23787,NA,189,JO 2020,1.539282762688547,-0.06364351161445918
25008,F,2020,DH,2020,JO,1,2020-07-06,M6774,M6775,O/W,113.858,16,3,212.367,94.777,54.874,45.268,450,0,0,0,300,300,300,NA,NA,0,9774,NA,3,118,10.7,2020-05-20,36.8,23787,NA,188,JO 2020,0.1987898922691202,-1.373995072403854
25020,M,2020,DH,2020,JO,1,2020-06-08,M6707,M6708,W!/R!,108.091,50,10,216.8,27.586,14.5,17.999,450,205.225,70.509,41,3.752,0.251,300,NA,NA,0,9775,NA,5,NA,NA,2020-04-29,35.2,25016,NA,160,JO 2020,0.8870750661299179,2.3868864999429174
25022,F,2020,DH,2020,JO,1,2020-06-14,M6713,M6714,Y/B,42.613,26,7,316.303,61.757,23.513,143.989,450,299.749,0,0,300,300,300,NA,Squirrel never saw itself in the mirror  approach/attack latency set to max value (300),0,9775,NA,5,NA,NA,2020-04-29,33.6,25016,NA,166,JO 2020,-0.6335073413758119,-0.004584729589972882
25051,F,2020,DH,2020,JO,1,2020-07-02,M7896,M6750,B/Bk,0,0,0,450,4.501,0,423.129,450,2,0,0,300,300,300,NA,Squirrel never saw itself in the mirror  approach/attack latency set to max value (300),0,9780,NA,4,126,22.7,2020-05-24,56.2,20601,NA,184,JO 2020,-3.1875902866287618,-1.3648580254558151
25067,F,2020,DH,2020,JO,1,2020-06-14,M6759,M6760,G/Y,137.345,13,7,243.053,115.65,13.256,0,450,233.194,60.046,2,23.249,18.5,300,NA,NA,0,9783,NA,4,NA,NA,2020-05-11,76.2,25054,NA,166,JO 2020,0.8560338626672896,1.5672031886287876
25070,M,2020,DH,2020,JO,1,2020-06-22,M6765,M6766,R!/P!,82.044,32,5,325.848,27.271,9.751,153.009,450,299.748,0,0,300,300,300,NA,NA,0,9783,NA,4,NA,NA,2020-05-11,74.8,25054,NA,174,JO 2020,-0.5163246410499868,-0.004589298113447295
25088,M,2020,DH,2020,JO,1,2020-07-16,M6412,M6450,O!/Bk!,234.442,28,19,87.619,72.035,16.006,2.001,450,141.607,128.132,3,4.749,3.272,300,NA,NA,0,9802,2020-05-07,3,133,16.5,2020-06-01,49.8,24417,128,198,JO 2020,2.342770419508247,1.0107562371278804
25089,M,2020,DH,2020,JO,1,2020-07-13,M4314,M4388,R!/Y!,0,0,0,450,65.64,0,240.018,450,300,0,0,300,300,300,NA,Squirrel never saw itself in the mirror  approach/attack latency set to max value (300),0,9802,2020-05-07,3,133,17.7,2020-06-01,48.8,24417,128,195,JO 2020,-2.1699584897206154,-0.003438030197994015
25232,F,2021,DH,2021,JO,1,2021-06-24,M7509,M7510,G*/G*,49.566,18,4,224.179,70.589,25.037,140.186,450,0,0,0,300,300,300,NA,Squirrel never saw itself in the mirror  approach/attack latency set to max value (300),0,9824,2021-04-20,3,115,22.1,2021-05-18,63.9,24525,110,175,JO 2021,-0.5768459570969264,-1.373995072403854
25233,F,2021,DH,2021,JO,1,2021-06-26,M7511,M7512,Y*/Y*,109.026,27,8,287.352,114.522,11.753,13.507,450,266.463,2.501,4,28.544,1.035,300,NA,NA,0,9824,2021-04-20,3,115,18.6,2021-05-18,60.1,24525,110,177,JO 2021,0.7758467816926267,2.0512782262542166
25234,F,2021,DH,2021,JO,1,2021-06-30,M7507,M7384,B/B*,100.916,31,9,238.833,44.261,15.531,81.504,450,0,299.993,0,300,300,300,NA,NA,0,9824,2021-04-20,3,115,18.9,2021-05-18,60,24525,110,181,JO 2021,0.283042194150975,-2.6318041396282976
25239,F,2021,DH,2021,KL,1,2021-07-15,M2633,M7593,R/Y*,172.616,36,4,233.767,142.926,9.254,6.496,450,0,300,0,300,23.769,300,NA,NA,0,9851,2021-04-28,4,118,8.2,2021-05-22,42,23565,118,196,KL 2021,1.5198593372994493,-1.5793515526557216
25240,F,2021,DH,2021,KL,1,2021-07-06,M7596,M7597,B*/R*,130.689,39,6,274.703,127.785,10.005,8.498,450,244.705,46.042,55,2.752,0.249,300,NA,NA,0,9851,2021-04-28,4,118,8.1,2021-05-22,40.3,23565,118,187,KL 2021,1.1705739353276565,2.9788223829158658
25242,F,2021,DH,2021,KL,1,2021-07-04,F9580,M7944,G/R*,173.544,25,2,239.374,58.024,17.511,77.519,450,0,299.909,0,300,300,300,NA,Squirrel never saw itself in the mirror  approach/attack latency set to max value (300),0,9866,2021-04-29,3,119,9.1,2021-05-22,49.4,24661,119,185,KL 2021,0.5048685492968297,-2.6314519448715976
25244,M,2021,DH,2021,KL,1,2021-07-04,M7945,M7946,B*/Y*,1.5,1,0,447.997,8.008,2.001,420.093,450,255.953,28.776,20,12.764,10.51,300,NA,NA,0,9866,2021-04-29,3,119,9.1,2021-05-22,51.3,24661,119,185,KL 2021,-3.134365904031475,2.263607526351908
25245,F,2021,DH,2021,KL,1,2021-07-07,M7517,M7518,W*/B*,152.37,75,0,255.25,73.774,6.248,16.01,450,65.339,220.541,17,89.589,78.077,300,NA,NA,0,9847,2021-05-02,3,122,10.7,2021-05-26,39.2,24002,122,188,KL 2021,1.4203680722138963,-0.014884583213977377
25247,F,2021,DH,2021,KL,1,2021-07-08,M7515,F9579,Y*/B,152.758,74,2,267.361,91.274,5.506,27.507,450,196.945,65.023,72,1.5,1,300,NA,NA,0,9847,2021-05-02,3,122,10,2021-05-26,35.6,24002,122,189,KL 2021,1.5105202631090946,3.053510060587058
25256,M,2021,DH,2021,KL,1,2021-07-10,M7455,M7456,R*/G*,146.841,42,1,241.489,120.588,0,67.011,450,281.729,0,1,179.435,14.268,300,NA,NA,0,9834,2021-05-03,3,124,11.3,2021-05-27,55.5,24256,123,191,KL 2021,0.9916584990415203,1.4642057701003839
25257,M,2021,DH,2021,KL,1,2021-07-07,M7451,M7452,Y*/W,0,0,0,450,24.782,0,412.692,450,2.77,296.729,0,300,300,300,NA,Squirrel never saw itself in the mirror  approach/attack latency set to max value (300),0,9834,2021-05-03,3,124,12.2,2021-05-27,57.6,24256,123,188,KL 2021,-3.0406861036517894,-2.6054640476306155
25270,F,2021,DH,2021,KL,1,2021-07-13,M8173,M7938,O/G*,2.001,1,0,447.194,10.971,0,370.646,449.676,206.888,74.552,8,61.815,61.064,300,NA,NA,0,9860,2021-05-05,3,127,12.4,2021-05-26,41.3,24506,125,194,KL 2021,-2.919519497640873,1.2139347489605943
25275,F,2021,DH,2021,KL,1,2021-07-10,M7385,M7466,B/R*,7.985,0,0,0,0,0,441.744,450,0,300,0,300,300,300,NA,NA,0,9858,2021-05-05,3,128,14.1,2021-05-29,49.7,23027,125,191,KL 2021,-2.2491106906266922,-2.631833489191356
25276,F,2021,DH,2021,KL,1,2021-07-10,F9578,M7422,R/R*,120.653,23,8,297.489,42.996,29.112,60.001,450,300,0,0,300,300,300,NA,Squirrel never saw itself in the mirror  approach/attack latency set to max value (300),0,9858,2021-05-05,3,128,16.6,2021-05-29,48.5,23027,125,191,KL 2021,0.14568580813315862,-0.003438030197994015
25282,F,2021,DH,2021,JO,1,2021-07-05,M7470,M7471,Y*/G*,151.924,36,10,216.371,56.25,20.056,42.34,450,299.996,0,0,300,300,300,NA,Squirrel never saw itself in the mirror  approach/attack latency set to max value (300),0,9870,2021-05-01,3,131,28.9,2021-05-26,51.7,24692,121,186,JO 2021,1.0066455405737829,-0.003456304291890113
25284,M,2021,DH,2021,JO,1,2021-07-08,M7424,M7425,O*/O*,41.264,10,3,392.256,81.757,0,97.589,450,1.5,298.248,0,300,300,300,NA,NA,0,9870,2021-05-01,3,131,31.4,2021-05-26,57.5,24692,121,189,JO 2021,-0.8476507031382977,-2.617634927626288
25290,F,2021,DH,2021,KL,1,2021-07-18,M7935,M7936,W*/O*,248.751,54,4,146.353,72.285,11.75,19.751,450,111.66,172.53,3,155.904,0.751,292.19,NA,NA,0,9844,2021-05-10,2,132,12.7,2021-06-03,47.5,24003,130,199,KL 2021,2.1073744376696864,0.12571828706335242
25291,M,2021,DH,2021,KL,1,2021-08-04,M7976,M7977,Y*/Bk,130.56,41,3,241.554,13.553,22.499,106.034,450,279.667,13.758,11,22.254,2.752,299.682,NA,NA,0,9844,2021-05-10,2,132,13.8,2021-06-03,47.9,24003,130,216,KL 2021,0.13235347478786008,2.2349617896297937
25314,F,2021,DH,2021,JO,1,2021-06-27,M7622,M7623,W*/W*,113.618,16,6,129.845,76.267,18.515,133.24,435.906,299.747,0.25,0,300,12.502,300,NA,NA,0,9878,NA,2,NA,NA,2021-05-17,71,24383,NA,178,JO 2021,0.23619345317326756,1.0897688472524165
25323,M,2021,DH,2021,JO,1,2021-07-20,M7562,M7563,G*/B*,22.528,13,5,175.436,50.257,8.251,285.044,450,50.054,236.015,4,176.409,158.656,297.824,NA,NA,0,9881,NA,3,137,34.3,2021-05-27,48.1,25216,NA,201,JO 2021,-1.2935314488629943,-1.071473233495969
25324,F,2021,DH,2021,JO,1,2021-07-19,M7519,M7520,R*/B*,160.824,35,9,226.83,119.135,19.754,31.494,450,124.201,125.506,27,50.305,23.759,300,NA,NA,0,9881,NA,3,137,34.2,2021-05-27,48.7,25216,NA,200,JO 2021,1.3668039690088352,1.2211076233954195
25334,F,2021,DH,2021,KL,1,2021-07-28,M7978,M7979,B*/B,84.132,9,6,59.849,4.003,41.046,252.271,450,2.517,1.503,0,300,0.751,300,NA,NA,0,9853,2021-05-17,2,140,16,2021-06-13,61.8,24577,137,209,KL 2021,-0.8868041386234631,-0.22861386739685502
25335,M,2021,DH,2021,KL,1,2021-07-28,-,M7975,-/R,35.172,6,3,414.072,27.236,0,331.75,450,202.184,77.754,10,7.512,4.756,300,NA,NA,0,9853,2021-05-17,2,140,17.2,2021-06-13,52,24577,137,209,KL 2021,-2.1794091358752685,1.6356377934760291
25342,F,2021,DH,2021,SU,1,2021-07-31,M7799,M7800,G*/B*,56.255,15,2,272.555,37.018,16.256,276.412,450,298.995,0,0,300,300,300,NA,Squirrel never saw itself in the mirror  approach/attack latency set to max value (300),0,9897,2021-05-25,3,146,10.9,2021-06-21,50.6,25029,145,212,SU 2021,-1.419783031863233,-0.008029396289383452
